uf	codigo_uf	codigo_munic	nome_munic	populacao_str	populacao	cod_munic6	cod_municipio
RO	11	00015	Alta Floresta D'Oeste	22853	22853	110001	1100015
RO	11	00023	Ariquemes	108573	108573	110002	1100023
RO	11	00031	Cabixi	5690	5690	110003	1100031
RO	11	00049	Cacoal	97637	97637	110004	1100049
RO	11	00056	Cerejeiras	16975	16975	110005	1100056
RO	11	00064	Colorado do Oeste	16588	16588	110006	1100064
RO	11	00072	Corumbiara	8001	8001	110007	1100072
RO	11	00080	Costa Marques	13522	13522	110008	1100080
RO	11	00098	Espigão D'Oeste	32717	32717	110009	1100098
RO	11	00106	Guajará-Mirim	43553	43553	110010	1100106
RO	11	00114	Jaru	55583	55583	110011	1100114
RO	11	00122	Ji-Paraná	139359	139359	110012	1100122
RO	11	00130	Machadinho D'Oeste	34063	34063	110013	1100130
RO	11	00148	Nova Brasilândia D'Oeste	16504	16504	110014	1100148
RO	11	00155	Ouro Preto do Oeste	38681	38681	110015	1100155
RO	11	00189	Pimenta Bueno	39053	39053	110018	1100189
RO	11	00205	Porto Velho	514873	514873	110020	1100205
RO	11	00254	Presidente Médici	20518	20518	110025	1100254
RO	11	00262	Rio Crespo	3753	3753	110026	1100262
RO	11	00288	Rolim de Moura	62559	62559	110028	1100288
RO	11	00296	Santa Luzia D'Oeste	7877	7877	110029	1100296
RO	11	00304	Vilhena	108528	108528	110030	1100304
RO	11	00320	São Miguel do Guaporé	22267	22267	110032	1100320
RO	11	00338	Nova Mamoré	28496	28496	110033	1100338
RO	11	00346	Alvorada D'Oeste	13837	13837	110034	1100346
RO	11	00379	Alto Alegre dos Parecis	12263	12263	110037	1100379
RO	11	00403	Alto Paraíso	17463	17463	110040	1100403
RO	11	00452	Buritis	30729	30729	110045	1100452
RO	11	00502	Novo Horizonte do Oeste	8056	8056	110050	1100502
RO	11	00601	Cacaulândia	4345	4345	110060	1100601
RO	11	00700	Campo Novo de Rondônia	9225	9225	110070	1100700
RO	11	00809	Candeias do Jamari	24163	24163	110080	1100809
RO	11	00908	Castanheiras	3456	3456	110090	1100908
RO	11	00924	Chupinguaia	10129	10129	110092	1100924
RO	11	00940	Cujubim	15883	15883	110094	1100940
RO	11	01005	Governador Jorge Teixeira	8420	8420	110100	1101005
RO	11	01104	Itapuã do Oeste	9209	9209	110110	1101104
RO	11	01203	Ministro Andreazza	6657	6657	110120	1101203
RO	11	01302	Mirante da Serra	9740	9740	110130	1101302
RO	11	01401	Monte Negro	12241	12241	110140	1101401
RO	11	01435	Nova União	6577	6577	110143	1101435
RO	11	01450	Parecis	4390	4390	110145	1101450
RO	11	01468	Pimenteiras do Oeste	2311	2311	110146	1101468
RO	11	01476	Primavera de Rondônia	3279	3279	110147	1101476
RO	11	01484	São Felipe D'Oeste	5605	5605	110148	1101484
RO	11	01492	São Francisco do Guaporé	17511	17511	110149	1101492
RO	11	01500	Seringueiras	12954	12954	110150	1101500
RO	11	01559	Teixeirópolis	4536	4536	110155	1101559
RO	11	01609	Theobroma	8540	8540	110160	1101609
RO	11	01708	Urupá	11377	11377	110170	1101708
RO	11	01757	Vale do Anari	8265	8265	110175	1101757
RO	11	01807	Vale do Paraíso	6843	6843	110180	1101807
AC	12	00013	Acrelândia	14657	14657	120001	1200013
AC	12	00054	Assis Brasil	8573	8573	120005	1200054
AC	12	00104	Brasiléia	27841	27841	120010	1200104
AC	12	00138	Bujari	13766	13766	120013	1200138
AC	12	00179	Capixaba	10922	10922	120017	1200179
AC	12	00203	Cruzeiro do Sul	98382	98382	120020	1200203
AC	12	00252	Epitaciolândia	19739	19739	120025	1200252
AC	12	00302	Feijó	37644	37644	120030	1200302
AC	12	00328	Jordão	9787	9787	120032	1200328
AC	12	00336	Mâncio Lima	20329	20329	120033	1200336
AC	12	00344	Manoel Urbano	12776	12776	120034	1200344
AC	12	00351	Marechal Thaumaturgo	17951	17951	120035	1200351
AC	12	00385	Plácido de Castro	17127	17127	120038	1200385
AC	12	00393	Porto Walter	11275	11275	120039	1200393
AC	12	00401	Rio Branco	387852	387852	120040	1200401
AC	12	00427	Rodrigues Alves	15537	15537	120042	1200427
AC	12	00435	Santa Rosa do Purus	7143	7143	120043	1200435
AC	12	00450	Senador Guiomard	22352	22352	120045	1200450
AC	12	00500	Sena Madureira	43916	43916	120050	1200500
AC	12	00609	Tarauacá	46517	46517	120060	1200609
AC	12	00708	Xapuri	19090	19090	120070	1200708
AC	12	00807	Porto Acre	17455	17455	120080	1200807
AM	13	00029	Alvarães	16670	16670	130002	1300029
AM	13	00060	Amaturá	11411	11411	130006	1300060
AM	13	00086	Anamã	10318	10318	130008	1300086
AM	13	00102	Anori	17932	17932	130010	1300102
AM	13	00144	Apuí	21735	21735	130014	1300144
AM	13	00201	Atalaia do Norte	15892	15892	130020	1300201
AM	13	00300	Autazes	45328	45328	130030	1300300
AM	13	00409	Barcelos	18626	18626	130040	1300409
AM	13	00508	Barreirinha	33436	33436	130050	1300508
AM	13	00607	Benjamin Constant	40509	40509	130060	1300607
AM	13	00631	Beruri	22136	22136	130063	1300631
AM	13	00680	Boa Vista do Ramos	25769	25769	130068	1300680
AM	13	00706	Boca do Acre	38246	38246	130070	1300706
AM	13	00805	Borba	34879	34879	130080	1300805
AM	13	00839	Caapiranga	14310	14310	130083	1300839
AM	13	00904	Canutama	17885	17885	130090	1300904
AM	13	01001	Carauari	30892	30892	130100	1301001
AM	13	01100	Careiro	32442	32442	130110	1301100
AM	13	01159	Careiro da Várzea	19809	19809	130115	1301159
AM	13	01209	Coari	73820	73820	130120	1301209
AM	13	01308	Codajás	24451	24451	130130	1301308
AM	13	01407	Eirunepé	35534	35534	130140	1301407
AM	13	01506	Envira	17920	17920	130150	1301506
AM	13	01605	Fonte Boa	27875	27875	130160	1301605
AM	13	01654	Guajará	14332	14332	130165	1301654
AM	13	01704	Humaitá	62312	62312	130170	1301704
AM	13	01803	Ipixuna	25458	25458	130180	1301803
AM	13	01852	Iranduba	67114	67114	130185	1301852
AM	13	01902	Itacoatiara	112520	112520	130190	1301902
AM	13	01951	Itamarati	11730	11730	130195	1301951
AM	13	02009	Itapiranga	10805	10805	130200	1302009
AM	13	02108	Japurá	9397	9397	130210	1302108
AM	13	02207	Juruá	11152	11152	130220	1302207
AM	13	02306	Jutaí	27656	27656	130230	1302306
AM	13	02405	Lábrea	48927	48927	130240	1302405
AM	13	02504	Manacapuru	110691	110691	130250	1302504
AM	13	02553	Manaquiri	17009	17009	130255	1302553
AM	13	02603	Manaus	2279686	2279686	130260	1302603
AM	13	02702	Manicoré	57758	57758	130270	1302702
AM	13	02801	Maraã	15843	15843	130280	1302801
AM	13	02900	Maués	65714	65714	130290	1302900
AM	13	03007	Nhamundá	21106	21106	130300	1303007
AM	13	03106	Nova Olinda do Norte	28267	28267	130310	1303106
AM	13	03205	Novo Airão	16467	16467	130320	1303205
AM	13	03304	Novo Aripuanã	24987	24987	130330	1303304
AM	13	03403	Parintins	101956	101956	130340	1303403
AM	13	03502	Pauini	20232	20232	130350	1303502
AM	13	03536	Presidente Figueiredo	33004	33004	130353	1303536
AM	13	03569	Rio Preto da Eva	25723	25723	130356	1303569
AM	13	03601	Santa Isabel do Rio Negro	14176	14176	130360	1303601
AM	13	03700	Santo Antônio do Içá	30448	30448	130370	1303700
AM	13	03809	São Gabriel da Cachoeira	56406	56406	130380	1303809
AM	13	03908	São Paulo de Olivença	35196	35196	130390	1303908
AM	13	03957	São Sebastião do Uatumã	12247	12247	130395	1303957
AM	13	04005	Silves	12404	12404	130400	1304005
AM	13	04062	Tabatinga	72283	72283	130406	1304062
AM	13	04104	Tapauá	20501	20501	130410	1304104
AM	13	04203	Tefé	79278	79278	130420	1304203
AM	13	04237	Tonantins	20224	20224	130423	1304237
AM	13	04260	Uarini	15278	15278	130426	1304260
AM	13	04302	Urucará	19505	19505	130430	1304302
AM	13	04401	Urucurituba	25592	25592	130440	1304401
RR	14	00027	Amajari	15583	15583	140002	1400027
RR	14	00050	Alto Alegre	23049	23049	140005	1400050
RR	14	00100	Boa Vista	470169	470169	140010	1400100
RR	14	00159	Bonfim	15222	15222	140015	1400159
RR	14	00175	Cantá	20552	20552	140017	1400175
RR	14	00209	Caracaraí	22443	22443	140020	1400209
RR	14	00233	Caroebe	11708	11708	140023	1400233
RR	14	00282	Iracema	10778	10778	140028	1400282
RR	14	00308	Mucajaí	19619	19619	140030	1400308
RR	14	00407	Normandia	15744	15744	140040	1400407
RR	14	00456	Pacaraima	22104	22104	140045	1400456
RR	14	00472	Rorainópolis	36747	36747	140047	1400472
RR	14	00506	São João da Baliza	9727	9727	140050	1400506
RR	14	00605	São Luiz	7777	7777	140060	1400605
RR	14	00704	Uiramutã	15571	15571	140070	1400704
PA	15	00107	Abaetetuba	170999	170999	150010	1500107
PA	15	00131	Abel Figueiredo	6302	6302	150013	1500131
PA	15	00206	Acará	62701	62701	150020	1500206
PA	15	00305	Afuá	40246	40246	150030	1500305
PA	15	00347	Água Azul do Norte	17960	17960	150034	1500347
PA	15	00404	Alenquer	74836	74836	150040	1500404
PA	15	00503	Almeirim	36334	36334	150050	1500503
PA	15	00602	Altamira	136982	136982	150060	1500602
PA	15	00701	Anajás	30003	30003	150070	1500701
PA	15	00800	Ananindeua	507838	507838	150080	1500800
PA	15	00859	Anapu	34947	34947	150085	1500859
PA	15	00909	Augusto Corrêa	47596	47596	150090	1500909
PA	15	00958	Aurora do Pará	24321	24321	150095	1500958
PA	15	01006	Aveiro	19223	19223	150100	1501006
PA	15	01105	Bagre	34633	34633	150110	1501105
PA	15	01204	Baião	55949	55949	150120	1501204
PA	15	01253	Bannach	4252	4252	150125	1501253
PA	15	01303	Barcarena	137331	137331	150130	1501303
PA	15	01402	Belém	1398531	1398531	150140	1501402
PA	15	01451	Belterra	18954	18954	150145	1501451
PA	15	01501	Benevides	68191	68191	150150	1501501
PA	15	01576	Bom Jesus do Tocantins	18958	18958	150157	1501576
PA	15	01600	Bonito	12998	12998	150160	1501600
PA	15	01709	Bragança	131679	131679	150170	1501709
PA	15	01725	Brasil Novo	26606	26606	150172	1501725
PA	15	01758	Brejo Grande do Araguaia	6985	6985	150175	1501758
PA	15	01782	Breu Branco	47351	47351	150178	1501782
PA	15	01808	Breves	115051	115051	150180	1501808
PA	15	01907	Bujaru	25112	25112	150190	1501907
PA	15	01956	Cachoeira do Piriá	19578	19578	150195	1501956
PA	15	02004	Cachoeira do Arari	25243	25243	150200	1502004
PA	15	02103	Cametá	143837	143837	150210	1502103
PA	15	02152	Canaã dos Carajás	86629	86629	150215	1502152
PA	15	02202	Capanema	74808	74808	150220	1502202
PA	15	02301	Capitão Poço	59960	59960	150230	1502301
PA	15	02400	Castanhal	207603	207603	150240	1502400
PA	15	02509	Chaves	21487	21487	150250	1502509
PA	15	02608	Colares	13526	13526	150260	1502608
PA	15	02707	Conceição do Araguaia	47099	47099	150270	1502707
PA	15	02756	Concórdia do Pará	28287	28287	150275	1502756
PA	15	02764	Cumaru do Norte	14937	14937	150276	1502764
PA	15	02772	Curionópolis	20859	20859	150277	1502772
PA	15	02806	Curralinho	36451	36451	150280	1502806
PA	15	02855	Curuá	14834	14834	150285	1502855
PA	15	02905	Curuçá	44413	44413	150290	1502905
PA	15	02939	Dom Eliseu	62322	62322	150293	1502939
PA	15	02954	Eldorado do Carajás	29425	29425	150295	1502954
PA	15	03002	Faro	9125	9125	150300	1503002
PA	15	03044	Floresta do Araguaia	18565	18565	150304	1503044
PA	15	03077	Garrafão do Norte	25552	25552	150307	1503077
PA	15	03093	Goianésia do Pará	27059	27059	150309	1503093
PA	15	03101	Gurupá	33922	33922	150310	1503101
PA	15	03200	Igarapé-Açu	37855	37855	150320	1503200
PA	15	03309	Igarapé-Miri	68955	68955	150330	1503309
PA	15	03408	Inhangapi	10754	10754	150340	1503408
PA	15	03457	Ipixuna do Pará	30158	30158	150345	1503457
PA	15	03507	Irituia	32698	32698	150350	1503507
PA	15	03606	Itaituba	133684	133684	150360	1503606
PA	15	03705	Itupiranga	52187	52187	150370	1503705
PA	15	03754	Jacareacanga	26006	26006	150375	1503754
PA	15	03804	Jacundá	38391	38391	150380	1503804
PA	15	03903	Juruti	53952	53952	150390	1503903
PA	15	04000	Limoeiro do Ajuru	31778	31778	150400	1504000
PA	15	04059	Mãe do Rio	37048	37048	150405	1504059
PA	15	04109	Magalhães Barata	8428	8428	150410	1504109
PA	15	04208	Marabá	288513	288513	150420	1504208
PA	15	04307	Maracanã	27207	27207	150430	1504307
PA	15	04406	Marapanim	28105	28105	150440	1504406
PA	15	04422	Marituba	118998	118998	150442	1504422
PA	15	04455	Medicilândia	28633	28633	150445	1504455
PA	15	04505	Melgaço	29846	29846	150450	1504505
PA	15	04604	Mocajuba	28821	28821	150460	1504604
PA	15	04703	Moju	90795	90795	150470	1504703
PA	15	04752	Mojuí dos Campos	25312	25312	150475	1504752
PA	15	04802	Monte Alegre	63641	63641	150480	1504802
PA	15	04901	Muaná	48955	48955	150490	1504901
PA	15	04950	Nova Esperança do Piriá	21259	21259	150495	1504950
PA	15	04976	Nova Ipixuna	14417	14417	150497	1504976
PA	15	05007	Nova Timboteua	13204	13204	150500	1505007
PA	15	05031	Novo Progresso	36518	36518	150503	1505031
PA	15	05064	Novo Repartimento	63754	63754	150506	1505064
PA	15	05106	Óbidos	55271	55271	150510	1505106
PA	15	05205	Oeiras do Pará	36377	36377	150520	1505205
PA	15	05304	Oriximiná	72460	72460	150530	1505304
PA	15	05403	Ourém	18675	18675	150540	1505403
PA	15	05437	Ourilândia do Norte	34905	34905	150543	1505437
PA	15	05486	Pacajá	43594	43594	150548	1505486
PA	15	05494	Palestina do Pará	7086	7086	150549	1505494
PA	15	05502	Paragominas	112843	112843	150550	1505502
PA	15	05536	Parauapebas	298854	298854	150553	1505536
PA	15	05551	Pau D'Arco	7296	7296	150555	1505551
PA	15	05601	Peixe-Boi	8651	8651	150560	1505601
PA	15	05635	Piçarra	13341	13341	150563	1505635
PA	15	05650	Placas	18772	18772	150565	1505650
PA	15	05700	Ponta de Pedras	25767	25767	150570	1505700
PA	15	05809	Portel	66898	66898	150580	1505809
PA	15	05908	Porto de Moz	43673	43673	150590	1505908
PA	15	06005	Prainha	38318	38318	150600	1506005
PA	15	06104	Primavera	11332	11332	150610	1506104
PA	15	06112	Quatipuru	11870	11870	150611	1506112
PA	15	06138	Redenção	91947	91947	150613	1506138
PA	15	06161	Rio Maria	19129	19129	150616	1506161
PA	15	06187	Rondon do Pará	56593	56593	150618	1506187
PA	15	06195	Rurópolis	37360	37360	150619	1506195
PA	15	06203	Salinópolis	48168	48168	150620	1506203
PA	15	06302	Salvaterra	25441	25441	150630	1506302
PA	15	06351	Santa Bárbara do Pará	22288	22288	150635	1506351
PA	15	06401	Santa Cruz do Arari	7654	7654	150640	1506401
PA	15	06500	Santa Izabel do Pará	78317	78317	150650	1506500
PA	15	06559	Santa Luzia do Pará	21217	21217	150655	1506559
PA	15	06583	Santa Maria das Barreiras	17079	17079	150658	1506583
PA	15	06609	Santa Maria do Pará	25696	25696	150660	1506609
PA	15	06708	Santana do Araguaia	31683	31683	150670	1506708
PA	15	06807	Santarém	357311	357311	150680	1506807
PA	15	06906	Santarém Novo	6348	6348	150690	1506906
PA	15	07003	Santo Antônio do Tauá	29134	29134	150700	1507003
PA	15	07102	São Caetano de Odivelas	17248	17248	150710	1507102
PA	15	07151	São Domingos do Araguaia	21638	21638	150715	1507151
PA	15	07201	São Domingos do Capim	32449	32449	150720	1507201
PA	15	07300	São Félix do Xingu	65957	65957	150730	1507300
PA	15	07409	São Francisco do Pará	15418	15418	150740	1507409
PA	15	07458	São Geraldo do Araguaia	24978	24978	150745	1507458
PA	15	07466	São João da Ponta	4509	4509	150746	1507466
PA	15	07474	São João de Pirabas	21447	21447	150747	1507474
PA	15	07508	São João do Araguaia	14246	14246	150750	1507508
PA	15	07607	São Miguel do Guamá	55798	55798	150760	1507607
PA	15	07706	São Sebastião da Boa Vista	27441	27441	150770	1507706
PA	15	07755	Sapucaia	6160	6160	150775	1507755
PA	15	07805	Senador José Porfírio	24441	24441	150780	1507805
PA	15	07904	Soure	25218	25218	150790	1507904
PA	15	07953	Tailândia	75526	75526	150795	1507953
PA	15	07961	Terra Alta	10815	10815	150796	1507961
PA	15	07979	Terra Santa	19667	19667	150797	1507979
PA	15	08001	Tomé-Açu	72326	72326	150800	1508001
PA	15	08035	Tracuateua	30373	30373	150803	1508035
PA	15	08050	Trairão	15619	15619	150805	1508050
PA	15	08084	Tucumã	42480	42480	150808	1508084
PA	15	08100	Tucuruí	96238	96238	150810	1508100
PA	15	08126	Ulianópolis	39576	39576	150812	1508126
PA	15	08159	Uruará	45939	45939	150815	1508159
PA	15	08209	Vigia	53806	53806	150820	1508209
PA	15	08308	Viseu	61970	61970	150830	1508308
PA	15	08357	Vitória do Xingu	16414	16414	150835	1508357
PA	15	08407	Xinguara	56999	56999	150840	1508407
AP	16	00055	Serra do Navio	4986	4986	160005	1600055
AP	16	00105	Amapá	8434	8434	160010	1600105
AP	16	00154	Pedra Branca do Amapari	13798	13798	160015	1600154
AP	16	00204	Calçoene	11391	11391	160020	1600204
AP	16	00212	Cutias	4725	4725	160021	1600212
AP	16	00238	Ferreira Gomes	7145	7145	160023	1600238
AP	16	00253	Itaubal	6043	6043	160025	1600253
AP	16	00279	Laranjal do Jari	37969	37969	160027	1600279
AP	16	00303	Macapá	487200	487200	160030	1600303
AP	16	00402	Mazagão	23575	23575	160040	1600402
AP	16	00501	Oiapoque	30481	30481	160050	1600501
AP	16	00535	Porto Grande	18988	18988	160053	1600535
AP	16	00550	Pracuúba	4042	4042	160055	1600550
AP	16	00600	Santana	118353	118353	160060	1600600
AP	16	00709	Tartarugalzinho	13785	13785	160070	1600709
AP	16	00808	Vitória do Jari	11922	11922	160080	1600808
TO	17	00251	Abreulândia	2668	2668	170025	1700251
TO	17	00301	Aguiarnópolis	4537	4537	170030	1700301
TO	17	00350	Aliança do Tocantins	5222	5222	170035	1700350
TO	17	00400	Almas	6542	6542	170040	1700400
TO	17	00707	Alvorada	9094	9094	170070	1700707
TO	17	01002	Ananás	10662	10662	170100	1701002
TO	17	01051	Angico	2918	2918	170105	1701051
TO	17	01101	Aparecida do Rio Negro	5067	5067	170110	1701101
TO	17	01309	Aragominas	5360	5360	170130	1701309
TO	17	01903	Araguacema	6039	6039	170190	1701903
TO	17	02000	Araguaçu	8273	8273	170200	1702000
TO	17	02109	Araguaína	181493	181493	170210	1702109
TO	17	02158	Araguanã	4338	4338	170215	1702158
TO	17	02208	Araguatins	33205	33205	170220	1702208
TO	17	02307	Arapoema	5553	5553	170230	1702307
TO	17	02406	Arraias	10522	10522	170240	1702406
TO	17	02554	Augustinópolis	18128	18128	170255	1702554
TO	17	02703	Aurora do Tocantins	3420	3420	170270	1702703
TO	17	02901	Axixá do Tocantins	10663	10663	170290	1702901
TO	17	03008	Babaçulândia	7779	7779	170300	1703008
TO	17	03057	Bandeirantes do Tocantins	3534	3534	170305	1703057
TO	17	03073	Barra do Ouro	4641	4641	170307	1703073
TO	17	03107	Barrolândia	4915	4915	170310	1703107
TO	17	03206	Bernardo Sayão	4316	4316	170320	1703206
TO	17	03305	Bom Jesus do Tocantins	4181	4181	170330	1703305
TO	17	03602	Brasilândia do Tocantins	2016	2016	170360	1703602
TO	17	03701	Brejinho de Nazaré	4796	4796	170370	1703701
TO	17	03800	Buriti do Tocantins	10654	10654	170380	1703800
TO	17	03826	Cachoeirinha	1991	1991	170382	1703826
TO	17	03842	Campos Lindos	8951	8951	170384	1703842
TO	17	03867	Cariri do Tocantins	4147	4147	170386	1703867
TO	17	03883	Carmolândia	2246	2246	170388	1703883
TO	17	03891	Carrasco Bonito	3362	3362	170389	1703891
TO	17	03909	Caseara	5009	5009	170390	1703909
TO	17	04105	Centenário	2135	2135	170410	1704105
TO	17	04600	Chapada de Areia	1563	1563	170460	1704600
TO	17	05102	Chapada da Natividade	3182	3182	170510	1705102
TO	17	05508	Colinas do Tocantins	35957	35957	170550	1705508
TO	17	05557	Combinado	4896	4896	170555	1705557
TO	17	05607	Conceição do Tocantins	3956	3956	170560	1705607
TO	17	06001	Couto Magalhães	5515	5515	170600	1706001
TO	17	06100	Cristalândia	6437	6437	170610	1706100
TO	17	06258	Crixás do Tocantins	1499	1499	170625	1706258
TO	17	06506	Darcinópolis	6054	6054	170650	1706506
TO	17	07009	Dianópolis	18031	18031	170700	1707009
TO	17	07108	Divinópolis do Tocantins	7297	7297	170710	1707108
TO	17	07207	Dois Irmãos do Tocantins	6395	6395	170720	1707207
TO	17	07306	Dueré	4321	4321	170730	1707306
TO	17	07405	Esperantina	7493	7493	170740	1707405
TO	17	07553	Fátima	3520	3520	170755	1707553
TO	17	07652	Figueirópolis	5336	5336	170765	1707652
TO	17	07702	Filadélfia	7823	7823	170770	1707702
TO	17	08205	Formoso do Araguaia	19428	19428	170820	1708205
TO	17	08254	Tabocão	3676	3676	170825	1708254
TO	17	08304	Goianorte	4840	4840	170830	1708304
TO	17	09005	Goiatins	12816	12816	170900	1709005
TO	17	09302	Guaraí	25681	25681	170930	1709302
TO	17	09500	Gurupi	89574	89574	170950	1709500
TO	17	09807	Ipueiras	1627	1627	170980	1709807
TO	17	10508	Itacajá	6969	6969	171050	1710508
TO	17	10706	Itaguatins	5206	5206	171070	1710706
TO	17	10904	Itapiratins	3679	3679	171090	1710904
TO	17	11100	Itaporã do Tocantins	2464	2464	171110	1711100
TO	17	11506	Jaú do Tocantins	3403	3403	171150	1711506
TO	17	11803	Juarina	2305	2305	171180	1711803
TO	17	11902	Lagoa da Confusão	16312	16312	171190	1711902
TO	17	11951	Lagoa do Tocantins	3610	3610	171195	1711951
TO	17	12009	Lajeado	3520	3520	171200	1712009
TO	17	12157	Lavandeira	1673	1673	171215	1712157
TO	17	12405	Lizarda	2991	2991	171240	1712405
TO	17	12454	Luzinópolis	2803	2803	171245	1712454
TO	17	12504	Marianópolis do Tocantins	4772	4772	171250	1712504
TO	17	12702	Mateiros	2888	2888	171270	1712702
TO	17	12801	Maurilândia do Tocantins	3171	3171	171280	1712801
TO	17	13205	Miracema do Tocantins	18787	18787	171320	1713205
TO	17	13304	Miranorte	13056	13056	171330	1713304
TO	17	13601	Monte do Carmo	5722	5722	171360	1713601
TO	17	13700	Monte Santo do Tocantins	2500	2500	171370	1713700
TO	17	13809	Palmeiras do Tocantins	4897	4897	171380	1713809
TO	17	13957	Muricilândia	3485	3485	171395	1713957
TO	17	14203	Natividade	8961	8961	171420	1714203
TO	17	14302	Nazaré	4660	4660	171430	1714302
TO	17	14880	Nova Olinda	10609	10609	171488	1714880
TO	17	15002	Nova Rosalândia	3403	3403	171500	1715002
TO	17	15101	Novo Acordo	4102	4102	171510	1715101
TO	17	15150	Novo Alegre	1841	1841	171515	1715150
TO	17	15259	Novo Jardim	2263	2263	171525	1715259
TO	17	15507	Oliveira de Fátima	1211	1211	171550	1715507
TO	17	15705	Palmeirante	4909	4909	171570	1715705
TO	17	15754	Palmeirópolis	7119	7119	171575	1715754
TO	17	16109	Paraíso do Tocantins	55164	55164	171610	1716109
TO	17	16208	Paranã	10854	10854	171620	1716208
TO	17	16307	Pau D'Arco	4085	4085	171630	1716307
TO	17	16505	Pedro Afonso	14731	14731	171650	1716505
TO	17	16604	Peixe	9438	9438	171660	1716604
TO	17	16653	Pequizeiro	5038	5038	171665	1716653
TO	17	16703	Colméia	9158	9158	171670	1716703
TO	17	17008	Pindorama do Tocantins	4596	4596	171700	1717008
TO	17	17206	Piraquê	2265	2265	171720	1717206
TO	17	17503	Pium	7375	7375	171750	1717503
TO	17	17800	Ponte Alta do Bom Jesus	4295	4295	171780	1717800
TO	17	17909	Ponte Alta do Tocantins	7842	7842	171790	1717909
TO	17	18006	Porto Alegre do Tocantins	2953	2953	171800	1718006
TO	17	18204	Porto Nacional	68555	68555	171820	1718204
TO	17	18303	Praia Norte	9460	9460	171830	1718303
TO	17	18402	Presidente Kennedy	3051	3051	171840	1718402
TO	17	18451	Pugmil	2231	2231	171845	1718451
TO	17	18501	Recursolândia	3471	3471	171850	1718501
TO	17	18550	Riachinho	4039	4039	171855	1718550
TO	17	18659	Rio da Conceição	1822	1822	171865	1718659
TO	17	18709	Rio dos Bois	2833	2833	171870	1718709
TO	17	18758	Rio Sono	4798	4798	171875	1718758
TO	17	18808	Sampaio	4372	4372	171880	1718808
TO	17	18840	Sandolândia	3873	3873	171884	1718840
TO	17	18865	Santa Fé do Araguaia	7489	7489	171886	1718865
TO	17	18881	Santa Maria do Tocantins	2726	2726	171888	1718881
TO	17	18899	Santa Rita do Tocantins	2291	2291	171889	1718899
TO	17	18907	Santa Rosa do Tocantins	4789	4789	171890	1718907
TO	17	19004	Santa Tereza do Tocantins	2889	2889	171900	1719004
TO	17	20002	Santa Terezinha do Tocantins	2463	2463	172000	1720002
TO	17	20101	São Bento do Tocantins	5936	5936	172010	1720101
TO	17	20150	São Félix do Tocantins	1875	1875	172015	1720150
TO	17	20200	São Miguel do Tocantins	13939	13939	172020	1720200
TO	17	20259	São Salvador do Tocantins	2385	2385	172025	1720259
TO	17	20309	São Sebastião do Tocantins	4189	4189	172030	1720309
TO	17	20499	São Valério	4547	4547	172049	1720499
TO	17	20655	Silvanópolis	5252	5252	172065	1720655
TO	17	20804	Sítio Novo do Tocantins	11334	11334	172080	1720804
TO	17	20853	Sucupira	1599	1599	172085	1720853
TO	17	20903	Taguatinga	14247	14247	172090	1720903
TO	17	20937	Taipas do Tocantins	2086	2086	172093	1720937
TO	17	20978	Talismã	2509	2509	172097	1720978
TO	17	21000	Palmas	323625	323625	172100	1721000
TO	17	21109	Tocantínia	7751	7751	172110	1721109
TO	17	21208	Tocantinópolis	23203	23203	172120	1721208
TO	17	21257	Tupirama	2003	2003	172125	1721257
TO	17	21307	Tupiratins	1897	1897	172130	1721307
TO	17	22081	Wanderlândia	10751	10751	172208	1722081
TO	17	22107	Xambioá	10683	10683	172210	1722107
MA	21	00055	Açailândia	110506	110506	210005	2100055
MA	21	00105	Afonso Cunha	6296	6296	210010	2100105
MA	21	00154	Água Doce do Maranhão	12446	12446	210015	2100154
MA	21	00204	Alcântara	18774	18774	210020	2100204
MA	21	00303	Aldeias Altas	23782	23782	210030	2100303
MA	21	00402	Altamira do Maranhão	6565	6565	210040	2100402
MA	21	00436	Alto Alegre do Maranhão	24543	24543	210043	2100436
MA	21	00477	Alto Alegre do Pindaré	26411	26411	210047	2100477
MA	21	00501	Alto Parnaíba	11382	11382	210050	2100501
MA	21	00550	Amapá do Maranhão	7364	7364	210055	2100550
MA	21	00600	Amarante do Maranhão	38333	38333	210060	2100600
MA	21	00709	Anajatuba	26221	26221	210070	2100709
MA	21	00808	Anapurus	14111	14111	210080	2100808
MA	21	00832	Apicum-Açu	17984	17984	210083	2100832
MA	21	00873	Araguanã	11347	11347	210087	2100873
MA	21	00907	Araioses	40278	40278	210090	2100907
MA	21	00956	Arame	26191	26191	210095	2100956
MA	21	01004	Arari	30521	30521	210100	2101004
MA	21	01103	Axixá	12079	12079	210110	2101103
MA	21	01202	Bacabal	107620	107620	210120	2101202
MA	21	01251	Bacabeira	17414	17414	210125	2101251
MA	21	01301	Bacuri	16610	16610	210130	2101301
MA	21	01350	Bacurituba	5374	5374	210135	2101350
MA	21	01400	Balsas	106094	106094	210140	2101400
MA	21	01509	Barão de Grajaú	19458	19458	210150	2101509
MA	21	01608	Barra do Corda	87672	87672	210160	2101608
MA	21	01707	Barreirinhas	67999	67999	210170	2101707
MA	21	01731	Belágua	8716	8716	210173	2101731
MA	21	01772	Bela Vista do Maranhão	12073	12073	210177	2101772
MA	21	01806	Benedito Leite	5597	5597	210180	2101806
MA	21	01905	Bequimão	19983	19983	210190	2101905
MA	21	01939	Bernardo do Mearim	5983	5983	210193	2101939
MA	21	01970	Boa Vista do Gurupi	7769	7769	210197	2101970
MA	21	02002	Bom Jardim	34035	34035	210200	2102002
MA	21	02036	Bom Jesus das Selvas	29588	29588	210203	2102036
MA	21	02077	Bom Lugar	12414	12414	210207	2102077
MA	21	02101	Brejo	35322	35322	210210	2102101
MA	21	02150	Brejo de Areia	9387	9387	210215	2102150
MA	21	02200	Buriti	30799	30799	210220	2102200
MA	21	02309	Buriti Bravo	22940	22940	210230	2102309
MA	21	02325	Buriticupu	56896	56896	210232	2102325
MA	21	02358	Buritirana	13157	13157	210235	2102358
MA	21	02374	Cachoeira Grande	10004	10004	210237	2102374
MA	21	02408	Cajapió	10342	10342	210240	2102408
MA	21	02507	Cajari	16711	16711	210250	2102507
MA	21	02556	Campestre do Maranhão	12553	12553	210255	2102556
MA	21	02606	Cândido Mendes	20413	20413	210260	2102606
MA	21	02705	Cantanhede	24976	24976	210270	2102705
MA	21	02754	Capinzal do Norte	11664	11664	210275	2102754
MA	21	02804	Carolina	24606	24606	210280	2102804
MA	21	02903	Carutapera	24855	24855	210290	2102903
MA	21	03000	Caxias	163428	163428	210300	2103000
MA	21	03109	Cedral	10444	10444	210310	2103109
MA	21	03125	Central do Maranhão	7233	7233	210312	2103125
MA	21	03158	Centro do Guilherme	12668	12668	210315	2103158
MA	21	03174	Centro Novo do Maranhão	16529	16529	210317	2103174
MA	21	03208	Chapadinha	84202	84202	210320	2103208
MA	21	03257	Cidelândia	13152	13152	210325	2103257
MA	21	03307	Codó	118295	118295	210330	2103307
MA	21	03406	Coelho Neto	42918	42918	210340	2103406
MA	21	03505	Colinas	41745	41745	210350	2103505
MA	21	03554	Conceição do Lago-Açu	15264	15264	210355	2103554
MA	21	03604	Coroatá	61351	61351	210360	2103604
MA	21	03703	Cururupu	32608	32608	210370	2103703
MA	21	03752	Davinópolis	14788	14788	210375	2103752
MA	21	03802	Dom Pedro	23579	23579	210380	2103802
MA	21	03901	Duque Bacelar	10448	10448	210390	2103901
MA	21	04008	Esperantinópolis	18725	18725	210400	2104008
MA	21	04057	Estreito	34353	34353	210405	2104057
MA	21	04073	Feira Nova do Maranhão	8236	8236	210407	2104073
MA	21	04081	Fernando Falcão	11184	11184	210408	2104081
MA	21	04099	Formosa da Serra Negra	18133	18133	210409	2104099
MA	21	04107	Fortaleza dos Nogueiras	12951	12951	210410	2104107
MA	21	04206	Fortuna	17346	17346	210420	2104206
MA	21	04305	Godofredo Viana	10422	10422	210430	2104305
MA	21	04404	Gonçalves Dias	17579	17579	210440	2104404
MA	21	04503	Governador Archer	10472	10472	210450	2104503
MA	21	04552	Governador Edison Lobão	18908	18908	210455	2104552
MA	21	04602	Governador Eugênio Barros	14258	14258	210460	2104602
MA	21	04628	Governador Luiz Rocha	7219	7219	210462	2104628
MA	21	04651	Governador Newton Bello	10981	10981	210465	2104651
MA	21	04677	Governador Nunes Freire	23563	23563	210467	2104677
MA	21	04701	Graça Aranha	6161	6161	210470	2104701
MA	21	04800	Grajaú	76578	76578	210480	2104800
MA	21	04909	Guimarães	10470	10470	210490	2104909
MA	21	05005	Humberto de Campos	26546	26546	210500	2105005
MA	21	05104	Icatu	25332	25332	210510	2105104
MA	21	05153	Igarapé do Meio	14350	14350	210515	2105153
MA	21	05203	Igarapé Grande	10463	10463	210520	2105203
MA	21	05302	Imperatriz	285146	285146	210530	2105302
MA	21	05351	Itaipava do Grajaú	14143	14143	210535	2105351
MA	21	05401	Itapecuru Mirim	62269	62269	210540	2105401
MA	21	05427	Itinga do Maranhão	22934	22934	210542	2105427
MA	21	05450	Jatobá	7610	7610	210545	2105450
MA	21	05476	Jenipapo dos Vieiras	17499	17499	210547	2105476
MA	21	05500	João Lisboa	25287	25287	210550	2105500
MA	21	05609	Joselândia	15235	15235	210560	2105609
MA	21	05658	Junco do Maranhão	5275	5275	210565	2105658
MA	21	05708	Lago da Pedra	45875	45875	210570	2105708
MA	21	05807	Lago do Junco	9700	9700	210580	2105807
MA	21	05906	Lago Verde	15077	15077	210590	2105906
MA	21	05922	Lagoa do Mato	10809	10809	210592	2105922
MA	21	05948	Lago dos Rodrigues	8961	8961	210594	2105948
MA	21	05963	Lagoa Grande do Maranhão	11710	11710	210596	2105963
MA	21	05989	Lajeado Novo	7227	7227	210598	2105989
MA	21	06003	Lima Campos	11558	11558	210600	2106003
MA	21	06102	Loreto	11876	11876	210610	2106102
MA	21	06201	Luís Domingues	7351	7351	210620	2106201
MA	21	06300	Magalhães de Almeida	14001	14001	210630	2106300
MA	21	06326	Maracaçumé	21686	21686	210632	2106326
MA	21	06359	Marajá do Sena	7165	7165	210635	2106359
MA	21	06375	Maranhãozinho	14086	14086	210637	2106375
MA	21	06409	Mata Roma	17537	17537	210640	2106409
MA	21	06508	Matinha	22530	22530	210650	2106508
MA	21	06607	Matões	33300	33300	210660	2106607
MA	21	06631	Matões do Norte	17945	17945	210663	2106631
MA	21	06672	Milagres do Maranhão	9048	9048	210667	2106672
MA	21	06706	Mirador	21518	21518	210670	2106706
MA	21	06755	Miranda do Norte	24377	24377	210675	2106755
MA	21	06805	Mirinzal	14297	14297	210680	2106805
MA	21	06904	Monção	28606	28606	210690	2106904
MA	21	07001	Montes Altos	9309	9309	210700	2107001
MA	21	07100	Morros	18994	18994	210710	2107100
MA	21	07209	Nina Rodrigues	14551	14551	210720	2107209
MA	21	07258	Nova Colinas	5144	5144	210725	2107258
MA	21	07308	Nova Iorque	4412	4412	210730	2107308
MA	21	07357	Nova Olinda do Maranhão	14468	14468	210735	2107357
MA	21	07407	Olho d'Água das Cunhãs	18295	18295	210740	2107407
MA	21	07456	Olinda Nova do Maranhão	13909	13909	210745	2107456
MA	21	07506	Paço do Lumiar	152306	152306	210750	2107506
MA	21	07605	Palmeirândia	21606	21606	210760	2107605
MA	21	07704	Paraibano	18619	18619	210770	2107704
MA	21	07803	Parnarama	32256	32256	210780	2107803
MA	21	07902	Passagem Franca	17592	17592	210790	2107902
MA	21	08009	Pastos Bons	19246	19246	210800	2108009
MA	21	08058	Paulino Neves	17523	17523	210805	2108058
MA	21	08108	Paulo Ramos	20792	20792	210810	2108108
MA	21	08207	Pedreiras	38267	38267	210820	2108207
MA	21	08256	Pedro do Rosário	24917	24917	210825	2108256
MA	21	08306	Penalva	33534	33534	210830	2108306
MA	21	08405	Peri Mirim	11277	11277	210840	2108405
MA	21	08454	Peritoró	20910	20910	210845	2108454
MA	21	08504	Pindaré-Mirim	32521	32521	210850	2108504
MA	21	08603	Pinheiro	87919	87919	210860	2108603
MA	21	08702	Pio XII	22369	22369	210870	2108702
MA	21	08801	Pirapemas	18120	18120	210880	2108801
MA	21	08900	Poção de Pedras	17444	17444	210890	2108900
MA	21	09007	Porto Franco	24517	24517	210900	2109007
MA	21	09056	Porto Rico do Maranhão	6091	6091	210905	2109056
MA	21	09106	Presidente Dutra	46578	46578	210910	2109106
MA	21	09205	Presidente Juscelino	11616	11616	210920	2109205
MA	21	09239	Presidente Médici	4748	4748	210923	2109239
MA	21	09270	Presidente Sarney	17913	17913	210927	2109270
MA	21	09304	Presidente Vargas	10791	10791	210930	2109304
MA	21	09403	Primeira Cruz	13922	13922	210940	2109403
MA	21	09452	Raposa	32054	32054	210945	2109452
MA	21	09502	Riachão	22699	22699	210950	2109502
MA	21	09551	Ribamar Fiquene	7597	7597	210955	2109551
MA	21	09601	Rosário	39763	39763	210960	2109601
MA	21	09700	Sambaíba	5701	5701	210970	2109700
MA	21	09759	Santa Filomena do Maranhão	6839	6839	210975	2109759
MA	21	09809	Santa Helena	43112	43112	210980	2109809
MA	21	09908	Santa Inês	88167	88167	210990	2109908
MA	21	10005	Santa Luzia	59037	59037	211000	2110005
MA	21	10039	Santa Luzia do Paruá	24870	24870	211003	2110039
MA	21	10104	Santa Quitéria do Maranhão	24489	24489	211010	2110104
MA	21	10203	Santa Rita	38446	38446	211020	2110203
MA	21	10237	Santana do Maranhão	10777	10777	211023	2110237
MA	21	10278	Santo Amaro do Maranhão	14280	14280	211027	2110278
MA	21	10302	Santo Antônio dos Lopes	14623	14623	211030	2110302
MA	21	10401	São Benedito do Rio Preto	18793	18793	211040	2110401
MA	21	10500	São Bento	48036	48036	211050	2110500
MA	21	10609	São Bernardo	27887	27887	211060	2110609
MA	21	10658	São Domingos do Azeitão	8213	8213	211065	2110658
MA	21	10708	São Domingos do Maranhão	35221	35221	211070	2110708
MA	21	10807	São Félix de Balsas	4495	4495	211080	2110807
MA	21	10856	São Francisco do Brejão	9222	9222	211085	2110856
MA	21	10906	São Francisco do Maranhão	12353	12353	211090	2110906
MA	21	11003	São João Batista	18909	18909	211100	2111003
MA	21	11029	São João do Carú	12421	12421	211102	2111029
MA	21	11052	São João do Paraíso	10105	10105	211105	2111052
MA	21	11078	São João do Soter	17254	17254	211107	2111078
MA	21	11102	São João dos Patos	25891	25891	211110	2111102
MA	21	11201	São José de Ribamar	257414	257414	211120	2111201
MA	21	11250	São José dos Basílios	7102	7102	211125	2111250
MA	21	11300	São Luís	1088057	1088057	211130	2111300
MA	21	11409	São Luís Gonzaga do Maranhão	18153	18153	211140	2111409
MA	21	11508	São Mateus do Maranhão	40160	40160	211150	2111508
MA	21	11532	São Pedro da Água Branca	14736	14736	211153	2111532
MA	21	11573	São Pedro dos Crentes	5965	5965	211157	2111573
MA	21	11607	São Raimundo das Mangabeiras	19129	19129	211160	2111607
MA	21	11631	São Raimundo do Doca Bezerra	5767	5767	211163	2111631
MA	21	11672	São Roberto	4602	4602	211167	2111672
MA	21	11706	São Vicente Ferrer	19885	19885	211170	2111706
MA	21	11722	Satubinha	8880	8880	211172	2111722
MA	21	11748	Senador Alexandre Costa	10445	10445	211174	2111748
MA	21	11763	Senador La Rocque	15035	15035	211176	2111763
MA	21	11789	Serrano do Maranhão	10461	10461	211178	2111789
MA	21	11805	Sítio Novo	17457	17457	211180	2111805
MA	21	11904	Sucupira do Norte	10471	10471	211190	2111904
MA	21	11953	Sucupira do Riachão	5088	5088	211195	2111953
MA	21	12001	Tasso Fragoso	9106	9106	211200	2112001
MA	21	12100	Timbiras	27344	27344	211210	2112100
MA	21	12209	Timon	182241	182241	211220	2112209
MA	21	12233	Trizidela do Vale	23052	23052	211223	2112233
MA	21	12274	Tufilândia	5633	5633	211227	2112274
MA	21	12308	Tuntum	37401	37401	211230	2112308
MA	21	12407	Turiaçu	38905	38905	211240	2112407
MA	21	12456	Turilândia	33032	33032	211245	2112456
MA	21	12506	Tutóia	55041	55041	211250	2112506
MA	21	12605	Urbano Santos	34060	34060	211260	2112605
MA	21	12704	Vargem Grande	44540	44540	211270	2112704
MA	21	12803	Viana	53115	53115	211280	2112803
MA	21	12852	Vila Nova dos Martírios	10575	10575	211285	2112852
MA	21	12902	Vitória do Mearim	31851	31851	211290	2112902
MA	21	13009	Vitorino Freire	31906	31906	211300	2113009
MA	21	14007	Zé Doca	41943	41943	211400	2114007
PI	22	00053	Acauã	6515	6515	220005	2200053
PI	22	00103	Agricolândia	5023	5023	220010	2200103
PI	22	00202	Água Branca	18033	18033	220020	2200202
PI	22	00251	Alagoinha do Piauí	6901	6901	220025	2200251
PI	22	00277	Alegrete do Piauí	4713	4713	220027	2200277
PI	22	00301	Alto Longá	13734	13734	220030	2200301
PI	22	00400	Altos	49637	49637	220040	2200400
PI	22	00459	Alvorada do Gurguéia	5459	5459	220045	2200459
PI	22	00509	Amarante	17577	17577	220050	2200509
PI	22	00608	Angical do Piauí	6982	6982	220060	2200608
PI	22	00707	Anísio de Abreu	9631	9631	220070	2200707
PI	22	00806	Antônio Almeida	3228	3228	220080	2200806
PI	22	00905	Aroazes	5433	5433	220090	2200905
PI	22	00954	Aroeiras do Itaim	2766	2766	220095	2200954
PI	22	01002	Arraial	4593	4593	220100	2201002
PI	22	01051	Assunção do Piauí	7597	7597	220105	2201051
PI	22	01101	Avelino Lopes	11106	11106	220110	2201101
PI	22	01150	Baixa Grande do Ribeiro	13838	13838	220115	2201150
PI	22	01176	Barra D'Alcântara	4091	4091	220117	2201176
PI	22	01200	Barras	49533	49533	220120	2201200
PI	22	01309	Barreiras do Piauí	3334	3334	220130	2201309
PI	22	01408	Barro Duro	6744	6744	220140	2201408
PI	22	01507	Batalha	27123	27123	220150	2201507
PI	22	01556	Bela Vista do Piauí	4208	4208	220155	2201556
PI	22	01572	Belém do Piauí	3508	3508	220157	2201572
PI	22	01606	Beneditinos	10104	10104	220160	2201606
PI	22	01705	Bertolínia	5701	5701	220170	2201705
PI	22	01739	Betânia do Piauí	6368	6368	220173	2201739
PI	22	01770	Boa Hora	7108	7108	220177	2201770
PI	22	01804	Bocaina	4131	4131	220180	2201804
PI	22	01903	Bom Jesus	30321	30321	220190	2201903
PI	22	01919	Bom Princípio do Piauí	5786	5786	220191	2201919
PI	22	01929	Bonfim do Piauí	6089	6089	220192	2201929
PI	22	01945	Boqueirão do Piauí	6728	6728	220194	2201945
PI	22	01960	Brasileira	8658	8658	220196	2201960
PI	22	01988	Brejo do Piauí	3969	3969	220198	2201988
PI	22	02000	Buriti dos Lopes	20096	20096	220200	2202000
PI	22	02026	Buriti dos Montes	7538	7538	220202	2202026
PI	22	02059	Cabeceiras do Piauí	10449	10449	220205	2202059
PI	22	02075	Cajazeiras do Piauí	3146	3146	220207	2202075
PI	22	02083	Cajueiro da Praia	8203	8203	220208	2202083
PI	22	02091	Caldeirão Grande do Piauí	5605	5605	220209	2202091
PI	22	02109	Campinas do Piauí	4988	4988	220210	2202109
PI	22	02117	Campo Alegre do Fidalgo	4701	4701	220211	2202117
PI	22	02133	Campo Grande do Piauí	6188	6188	220213	2202133
PI	22	02174	Campo Largo do Piauí	7636	7636	220217	2202174
PI	22	02208	Campo Maior	47074	47074	220220	2202208
PI	22	02251	Canavieira	3429	3429	220225	2202251
PI	22	02307	Canto do Buriti	19669	19669	220230	2202307
PI	22	02406	Capitão de Campos	11347	11347	220240	2202406
PI	22	02455	Capitão Gervásio Oliveira	4065	4065	220245	2202455
PI	22	02505	Caracol	10538	10538	220250	2202505
PI	22	02539	Caraúbas do Piauí	5755	5755	220253	2202539
PI	22	02554	Caridade do Piauí	5162	5162	220255	2202554
PI	22	02604	Castelo do Piauí	19663	19663	220260	2202604
PI	22	02653	Caxingó	5657	5657	220265	2202653
PI	22	02703	Cocal	29209	29209	220270	2202703
PI	22	02711	Cocal de Telha	5034	5034	220271	2202711
PI	22	02729	Cocal dos Alves	6569	6569	220272	2202729
PI	22	02737	Coivaras	4233	4233	220273	2202737
PI	22	02752	Colônia do Gurguéia	6287	6287	220275	2202752
PI	22	02778	Colônia do Piauí	7088	7088	220277	2202778
PI	22	02802	Conceição do Canindé	5063	5063	220280	2202802
PI	22	02851	Coronel José Dias	4305	4305	220285	2202851
PI	22	02901	Corrente	28275	28275	220290	2202901
PI	22	03008	Cristalândia do Piauí	7454	7454	220300	2203008
PI	22	03107	Cristino Castro	10772	10772	220310	2203107
PI	22	03206	Curimatá	11552	11552	220320	2203206
PI	22	03230	Currais	4968	4968	220323	2203230
PI	22	03255	Curralinhos	4527	4527	220325	2203255
PI	22	03271	Curral Novo do Piauí	5185	5185	220327	2203271
PI	22	03305	Demerval Lobão	16998	16998	220330	2203305
PI	22	03354	Dirceu Arcoverde	7238	7238	220335	2203354
PI	22	03404	Dom Expedito Lopes	6421	6421	220340	2203404
PI	22	03420	Domingos Mourão	4138	4138	220342	2203420
PI	22	03453	Dom Inocêncio	9335	9335	220345	2203453
PI	22	03503	Elesbão Veloso	13786	13786	220350	2203503
PI	22	03602	Eliseu Martins	4435	4435	220360	2203602
PI	22	03701	Esperantina	42510	42510	220370	2203701
PI	22	03750	Fartura do Piauí	5414	5414	220375	2203750
PI	22	03800	Flores do Piauí	4508	4508	220380	2203800
PI	22	03859	Floresta do Piauí	2364	2364	220385	2203859
PI	22	03909	Floriano	64150	64150	220390	2203909
PI	22	04006	Francinópolis	4517	4517	220400	2204006
PI	22	04105	Francisco Ayres	4494	4494	220410	2204105
PI	22	04154	Francisco Macedo	2986	2986	220415	2204154
PI	22	04204	Francisco Santos	8366	8366	220420	2204204
PI	22	04303	Fronteiras	10382	10382	220430	2204303
PI	22	04352	Geminiano	5587	5587	220435	2204352
PI	22	04402	Gilbués	11166	11166	220440	2204402
PI	22	04501	Guadalupe	10478	10478	220450	2204501
PI	22	04550	Guaribas	4350	4350	220455	2204550
PI	22	04600	Hugo Napoleão	3562	3562	220460	2204600
PI	22	04659	Ilha Grande	9501	9501	220465	2204659
PI	22	04709	Inhuma	15259	15259	220470	2204709
PI	22	04808	Ipiranga do Piauí	9620	9620	220480	2204808
PI	22	04907	Isaías Coelho	7886	7886	220490	2204907
PI	22	05003	Itainópolis	10980	10980	220500	2205003
PI	22	05102	Itaueira	10493	10493	220510	2205102
PI	22	05151	Jacobina do Piauí	5715	5715	220515	2205151
PI	22	05201	Jaicós	17811	17811	220520	2205201
PI	22	05250	Jardim do Mulato	4251	4251	220525	2205250
PI	22	05276	Jatobá do Piauí	4568	4568	220527	2205276
PI	22	05300	Jerumenha	4600	4600	220530	2205300
PI	22	05359	João Costa	3031	3031	220535	2205359
PI	22	05409	Joaquim Pires	14175	14175	220540	2205409
PI	22	05458	Joca Marques	5535	5535	220545	2205458
PI	22	05508	José de Freitas	44391	44391	220550	2205508
PI	22	05516	Juazeiro do Piauí	5311	5311	220551	2205516
PI	22	05524	Júlio Borges	5499	5499	220552	2205524
PI	22	05532	Jurema	4505	4505	220553	2205532
PI	22	05540	Lagoinha do Piauí	3029	3029	220554	2205540
PI	22	05557	Lagoa Alegre	8449	8449	220555	2205557
PI	22	05565	Lagoa do Barro do Piauí	5146	5146	220556	2205565
PI	22	05573	Lagoa de São Francisco	6449	6449	220557	2205573
PI	22	05581	Lagoa do Piauí	5009	5009	220558	2205581
PI	22	05599	Lagoa do Sítio	4575	4575	220559	2205599
PI	22	05607	Landri Sales	5311	5311	220560	2205607
PI	22	05706	Luís Correia	31775	31775	220570	2205706
PI	22	05805	Luzilândia	26204	26204	220580	2205805
PI	22	05854	Madeiro	8218	8218	220585	2205854
PI	22	05904	Manoel Emídio	5314	5314	220590	2205904
PI	22	05953	Marcolândia	8783	8783	220595	2205953
PI	22	06001	Marcos Parente	4848	4848	220600	2206001
PI	22	06050	Massapê do Piauí	5215	5215	220605	2206050
PI	22	06100	Matias Olímpio	10875	10875	220610	2206100
PI	22	06209	Miguel Alves	33071	33071	220620	2206209
PI	22	06308	Miguel Leão	1352	1352	220630	2206308
PI	22	06357	Milton Brandão	6678	6678	220635	2206357
PI	22	06407	Monsenhor Gil	10455	10455	220640	2206407
PI	22	06506	Monsenhor Hipólito	7751	7751	220650	2206506
PI	22	06605	Monte Alegre do Piauí	10910	10910	220660	2206605
PI	22	06654	Morro Cabeça no Tempo	4458	4458	220665	2206654
PI	22	06670	Morro do Chapéu do Piauí	6547	6547	220667	2206670
PI	22	06696	Murici dos Portelas	10139	10139	220669	2206696
PI	22	06704	Nazaré do Piauí	6729	6729	220670	2206704
PI	22	06720	Nazária	10706	10706	220672	2206720
PI	22	06753	Nossa Senhora de Nazaré	5406	5406	220675	2206753
PI	22	06803	Nossa Senhora dos Remédios	8732	8732	220680	2206803
PI	22	06902	Novo Oriente do Piauí	6178	6178	220690	2206902
PI	22	06951	Novo Santo Antônio	2886	2886	220695	2206951
PI	22	07009	Oeiras	39545	39545	220700	2207009
PI	22	07108	Olho D'Água do Piauí	2725	2725	220710	2207108
PI	22	07207	Padre Marcos	6481	6481	220720	2207207
PI	22	07306	Paes Landim	4174	4174	220730	2207306
PI	22	07355	Pajeú do Piauí	3041	3041	220735	2207355
PI	22	07405	Palmeira do Piauí	5048	5048	220740	2207405
PI	22	07504	Palmeirais	13480	13480	220750	2207504
PI	22	07553	Paquetá	3878	3878	220755	2207553
PI	22	07603	Parnaguá	10289	10289	220760	2207603
PI	22	07702	Parnaíba	169552	169552	220770	2207702
PI	22	07751	Passagem Franca do Piauí	4220	4220	220775	2207751
PI	22	07777	Patos do Piauí	5461	5461	220777	2207777
PI	22	07793	Pau D'Arco do Piauí	3972	3972	220779	2207793
PI	22	07801	Paulistana	21601	21601	220780	2207801
PI	22	07850	Pavussu	3698	3698	220785	2207850
PI	22	07900	Pedro II	39039	39039	220790	2207900
PI	22	07934	Pedro Laurentino	2514	2514	220793	2207934
PI	22	07959	Nova Santa Rita	4147	4147	220795	2207959
PI	22	08007	Picos	86228	86228	220800	2208007
PI	22	08106	Pimenteiras	11528	11528	220810	2208106
PI	22	08205	Pio IX	17947	17947	220820	2208205
PI	22	08304	Piracuruca	29849	29849	220830	2208304
PI	22	08403	Piripiri	67676	67676	220840	2208403
PI	22	08502	Porto	12312	12312	220850	2208502
PI	22	08551	Porto Alegre do Piauí	2391	2391	220855	2208551
PI	22	08601	Prata do Piauí	3098	3098	220860	2208601
PI	22	08650	Queimada Nova	8936	8936	220865	2208650
PI	22	08700	Redenção do Gurguéia	8563	8563	220870	2208700
PI	22	08809	Regeneração	17418	17418	220880	2208809
PI	22	08858	Riacho Frio	4241	4241	220885	2208858
PI	22	08874	Ribeira do Piauí	4114	4114	220887	2208874
PI	22	08908	Ribeiro Gonçalves	6215	6215	220890	2208908
PI	22	09005	Rio Grande do Piauí	5868	5868	220900	2209005
PI	22	09104	Santa Cruz do Piauí	5928	5928	220910	2209104
PI	22	09153	Santa Cruz dos Milagres	3466	3466	220915	2209153
PI	22	09203	Santa Filomena	6209	6209	220920	2209203
PI	22	09302	Santa Luz	5425	5425	220930	2209302
PI	22	09351	Santana do Piauí	4174	4174	220935	2209351
PI	22	09377	Santa Rosa do Piauí	4690	4690	220937	2209377
PI	22	09401	Santo Antônio de Lisboa	5938	5938	220940	2209401
PI	22	09450	Santo Antônio dos Milagres	2189	2189	220945	2209450
PI	22	09500	Santo Inácio do Piauí	3719	3719	220950	2209500
PI	22	09559	São Braz do Piauí	4451	4451	220955	2209559
PI	22	09609	São Félix do Piauí	2885	2885	220960	2209609
PI	22	09658	São Francisco de Assis do Piauí	5703	5703	220965	2209658
PI	22	09708	São Francisco do Piauí	5404	5404	220970	2209708
PI	22	09757	São Gonçalo do Gurguéia	3019	3019	220975	2209757
PI	22	09807	São Gonçalo do Piauí	4944	4944	220980	2209807
PI	22	09856	São João da Canabrava	4306	4306	220985	2209856
PI	22	09872	São João da Fronteira	5615	5615	220987	2209872
PI	22	09906	São João da Serra	6233	6233	220990	2209906
PI	22	09955	São João da Varjota	4443	4443	220995	2209955
PI	22	09971	São João do Arraial	8443	8443	220997	2209971
PI	22	10003	São João do Piauí	22036	22036	221000	2210003
PI	22	10052	São José do Divino	4906	4906	221005	2210052
PI	22	10102	São José do Peixe	3320	3320	221010	2210102
PI	22	10201	São José do Piauí	6732	6732	221020	2210201
PI	22	10300	São Julião	6135	6135	221030	2210300
PI	22	10359	São Lourenço do Piauí	4497	4497	221035	2210359
PI	22	10375	São Luis do Piauí	2329	2329	221037	2210375
PI	22	10383	São Miguel da Baixa Grande	2304	2304	221038	2210383
PI	22	10391	São Miguel do Fidalgo	2870	2870	221039	2210391
PI	22	10409	São Miguel do Tapuio	17902	17902	221040	2210409
PI	22	10508	São Pedro do Piauí	14046	14046	221050	2210508
PI	22	10607	São Raimundo Nonato	40784	40784	221060	2210607
PI	22	10623	Sebastião Barros	3228	3228	221062	2210623
PI	22	10631	Sebastião Leal	4572	4572	221063	2210631
PI	22	10656	Sigefredo Pacheco	9631	9631	221065	2210656
PI	22	10706	Simões	14650	14650	221070	2210706
PI	22	10805	Simplício Mendes	14342	14342	221080	2210805
PI	22	10904	Socorro do Piauí	4184	4184	221090	2210904
PI	22	10938	Sussuapara	6345	6345	221093	2210938
PI	22	10953	Tamboril do Piauí	3029	3029	221095	2210953
PI	22	10979	Tanque do Piauí	2330	2330	221097	2210979
PI	22	11001	Teresina	902644	902644	221100	2211001
PI	22	11100	União	47707	47707	221110	2211100
PI	22	11209	Uruçuí	26501	26501	221120	2211209
PI	22	11308	Valença do Piauí	22920	22920	221130	2211308
PI	22	11357	Várzea Branca	5173	5173	221135	2211357
PI	22	11407	Várzea Grande	4515	4515	221140	2211407
PI	22	11506	Vera Mendes	3271	3271	221150	2211506
PI	22	11605	Vila Nova do Piauí	2979	2979	221160	2211605
PI	22	11704	Wall Ferraz	4117	4117	221170	2211704
CE	23	00101	Abaiara	10282	10282	230010	2300101
CE	23	00150	Acarape	14306	14306	230015	2300150
CE	23	00200	Acaraú	68758	68758	230020	2300200
CE	23	00309	Acopiara	46215	46215	230030	2300309
CE	23	00408	Aiuaba	14220	14220	230040	2300408
CE	23	00507	Alcântaras	11754	11754	230050	2300507
CE	23	00606	Altaneira	6970	6970	230060	2300606
CE	23	00705	Alto Santo	14418	14418	230070	2300705
CE	23	00754	Amontada	44342	44342	230075	2300754
CE	23	00804	Antonina do Norte	7484	7484	230080	2300804
CE	23	00903	Apuiarés	13219	13219	230090	2300903
CE	23	01000	Aquiraz	84737	84737	230100	2301000
CE	23	01109	Aracati	78752	78752	230110	2301109
CE	23	01208	Aracoiaba	26696	26696	230120	2301208
CE	23	01257	Ararendá	11485	11485	230125	2301257
CE	23	01307	Araripe	20223	20223	230130	2301307
CE	23	01406	Aratuba	11459	11459	230140	2301406
CE	23	01505	Arneiroz	7619	7619	230150	2301505
CE	23	01604	Assaré	22212	22212	230160	2301604
CE	23	01703	Aurora	24267	24267	230170	2301703
CE	23	01802	Baixio	5832	5832	230180	2301802
CE	23	01851	Banabuiú	17654	17654	230185	2301851
CE	23	01901	Barbalha	80217	80217	230190	2301901
CE	23	01950	Barreira	23351	23351	230195	2301950
CE	23	02008	Barro	19669	19669	230200	2302008
CE	23	02057	Barroquinha	14977	14977	230205	2302057
CE	23	02107	Baturité	36978	36978	230210	2302107
CE	23	02206	Beberibe	55666	55666	230220	2302206
CE	23	02305	Bela Cruz	34441	34441	230230	2302305
CE	23	02404	Boa Viagem	52169	52169	230240	2302404
CE	23	02503	Brejo Santo	53778	53778	230250	2302503
CE	23	02602	Camocim	65031	65031	230260	2302602
CE	23	02701	Campos Sales	26082	26082	230270	2302701
CE	23	02800	Canindé	77207	77207	230280	2302800
CE	23	02909	Capistrano	17760	17760	230290	2302909
CE	23	03006	Caridade	16419	16419	230300	2303006
CE	23	03105	Cariré	18075	18075	230310	2303105
CE	23	03204	Caririaçu	27482	27482	230320	2303204
CE	23	03303	Cariús	17333	17333	230330	2303303
CE	23	03402	Carnaubal	17758	17758	230340	2303402
CE	23	03501	Cascavel	76365	76365	230350	2303501
CE	23	03600	Catarina	9577	9577	230360	2303600
CE	23	03659	Catunda	10817	10817	230365	2303659
CE	23	03709	Caucaia	375730	375730	230370	2303709
CE	23	03808	Cedro	22678	22678	230380	2303808
CE	23	03907	Chaval	12805	12805	230390	2303907
CE	23	03931	Choró	12380	12380	230393	2303931
CE	23	03956	Chorozinho	20763	20763	230395	2303956
CE	23	04004	Coreaú	21438	21438	230400	2304004
CE	23	04103	Crateús	79809	79809	230410	2304103
CE	23	04202	Crato	138232	138232	230420	2304202
CE	23	04236	Croatá	18007	18007	230423	2304236
CE	23	04251	Cruz	31847	31847	230425	2304251
CE	23	04269	Deputado Irapuan Pinheiro	9172	9172	230426	2304269
CE	23	04277	Ereré	6393	6393	230427	2304277
CE	23	04285	Eusébio	80304	80304	230428	2304285
CE	23	04301	Farias Brito	18557	18557	230430	2304301
CE	23	04350	Forquilha	25127	25127	230435	2304350
CE	23	04400	Fortaleza	2574412	2574412	230440	2304400
CE	23	04459	Fortim	18052	18052	230445	2304459
CE	23	04509	Frecheirinha	16362	16362	230450	2304509
CE	23	04608	General Sampaio	6924	6924	230460	2304608
CE	23	04657	Graça	14174	14174	230465	2304657
CE	23	04707	Granja	55633	55633	230470	2304707
CE	23	04806	Granjeiro	4960	4960	230480	2304806
CE	23	04905	Groaíras	11313	11313	230490	2304905
CE	23	04954	Guaiúba	25085	25085	230495	2304954
CE	23	05001	Guaraciaba do Norte	44294	44294	230500	2305001
CE	23	05100	Guaramiranga	5819	5819	230510	2305100
CE	23	05209	Hidrolândia	18225	18225	230520	2305209
CE	23	05233	Horizonte	79934	79934	230523	2305233
CE	23	05266	Ibaretama	12191	12191	230526	2305266
CE	23	05308	Ibiapina	24649	24649	230530	2305308
CE	23	05332	Ibicuitinga	11979	11979	230533	2305332
CE	23	05357	Icapuí	22367	22367	230535	2305357
CE	23	05407	Icó	64802	64802	230540	2305407
CE	23	05506	Iguatu	102251	102251	230550	2305506
CE	23	05605	Independência	24530	24530	230560	2305605
CE	23	05654	Ipaporanga	11937	11937	230565	2305654
CE	23	05704	Ipaumirim	12441	12441	230570	2305704
CE	23	05803	Ipu	42968	42968	230580	2305803
CE	23	05902	Ipueiras	38285	38285	230590	2305902
CE	23	06009	Iracema	14411	14411	230600	2306009
CE	23	06108	Irauçuba	24751	24751	230610	2306108
CE	23	06207	Itaiçaba	7779	7779	230620	2306207
CE	23	06256	Itaitinga	70679	70679	230625	2306256
CE	23	06306	Itapajé	49086	49086	230630	2306306
CE	23	06405	Itapipoca	137892	137892	230640	2306405
CE	23	06504	Itapiúna	18228	18228	230650	2306504
CE	23	06553	Itarema	45465	45465	230655	2306553
CE	23	06603	Itatira	21087	21087	230660	2306603
CE	23	06702	Jaguaretama	17625	17625	230670	2306702
CE	23	06801	Jaguaribara	10656	10656	230680	2306801
CE	23	06900	Jaguaribe	35124	35124	230690	2306900
CE	23	07007	Jaguaruana	33070	33070	230700	2307007
CE	23	07106	Jardim	28707	28707	230710	2307106
CE	23	07205	Jati	8100	8100	230720	2307205
CE	23	07254	Jijoca de Jericoacoara	27662	27662	230725	2307254
CE	23	07304	Juazeiro do Norte	303004	303004	230730	2307304
CE	23	07403	Jucás	24591	24591	230740	2307403
CE	23	07502	Lavras da Mangabeira	32123	32123	230750	2307502
CE	23	07601	Limoeiro do Norte	62285	62285	230760	2307601
CE	23	07635	Madalena	17264	17264	230763	2307635
CE	23	07650	Maracanaú	249684	249684	230765	2307650
CE	23	07700	Maranguape	108937	108937	230770	2307700
CE	23	07809	Marco	27064	27064	230780	2307809
CE	23	07908	Martinópole	11232	11232	230790	2307908
CE	23	08005	Massapê	39633	39633	230800	2308005
CE	23	08104	Mauriti	47406	47406	230810	2308104
CE	23	08203	Meruoca	15749	15749	230820	2308203
CE	23	08302	Milagres	26860	26860	230830	2308302
CE	23	08351	Milhã	14635	14635	230835	2308351
CE	23	08377	Miraíma	14736	14736	230837	2308377
CE	23	08401	Missão Velha	38767	38767	230840	2308401
CE	23	08500	Mombaça	38649	38649	230850	2308500
CE	23	08609	Monsenhor Tabosa	17664	17664	230860	2308609
CE	23	08708	Morada Nova	65323	65323	230870	2308708
CE	23	08807	Moraújo	8516	8516	230880	2308807
CE	23	08906	Morrinhos	23608	23608	230890	2308906
CE	23	09003	Mucambo	14009	14009	230900	2309003
CE	23	09102	Mulungu	10993	10993	230910	2309102
CE	23	09201	Nova Olinda	15960	15960	230920	2309201
CE	23	09300	Nova Russas	32014	32014	230930	2309300
CE	23	09409	Novo Oriente	29043	29043	230940	2309409
CE	23	09458	Ocara	25218	25218	230945	2309458
CE	23	09508	Orós	20019	20019	230950	2309508
CE	23	09607	Pacajus	74825	74825	230960	2309607
CE	23	09706	Pacatuba	85873	85873	230970	2309706
CE	23	09805	Pacoti	11442	11442	230980	2309805
CE	23	09904	Pacujá	6345	6345	230990	2309904
CE	23	10001	Palhano	9671	9671	231000	2310001
CE	23	10100	Palmácia	10339	10339	231010	2310100
CE	23	10209	Paracuru	41447	41447	231020	2310209
CE	23	10258	Paraipaba	33896	33896	231025	2310258
CE	23	10308	Parambu	32816	32816	231030	2310308
CE	23	10407	Paramoti	10528	10528	231040	2310407
CE	23	10506	Pedra Branca	42257	42257	231050	2310506
CE	23	10605	Penaforte	9308	9308	231060	2310605
CE	23	10704	Pentecoste	39715	39715	231070	2310704
CE	23	10803	Pereiro	15869	15869	231080	2310803
CE	23	10852	Pindoretama	24607	24607	231085	2310852
CE	23	10902	Piquet Carneiro	17202	17202	231090	2310902
CE	23	10951	Pires Ferreira	10952	10952	231095	2310951
CE	23	11009	Poranga	12423	12423	231100	2311009
CE	23	11108	Porteiras	17745	17745	231110	2311108
CE	23	11207	Potengi	8926	8926	231120	2311207
CE	23	11231	Potiretama	6129	6129	231123	2311231
CE	23	11264	Quiterianópolis	20506	20506	231126	2311264
CE	23	11306	Quixadá	88483	88483	231130	2311306
CE	23	11355	Quixelô	16992	16992	231135	2311355
CE	23	11405	Quixeramobim	85797	85797	231140	2311405
CE	23	11504	Quixeré	21607	21607	231150	2311504
CE	23	11603	Redenção	28359	28359	231160	2311603
CE	23	11702	Reriutaba	19059	19059	231170	2311702
CE	23	11801	Russas	74582	74582	231180	2311801
CE	23	11900	Saboeiro	14036	14036	231190	2311900
CE	23	11959	Salitre	17220	17220	231195	2311959
CE	23	12007	Santana do Acaraú	32043	32043	231200	2312007
CE	23	12106	Santana do Cariri	17388	17388	231210	2312106
CE	23	12205	Santa Quitéria	41647	41647	231220	2312205
CE	23	12304	São Benedito	49829	49829	231230	2312304
CE	23	12403	São Gonçalo do Amarante	57499	57499	231240	2312403
CE	23	12502	São João do Jaguaribe	5792	5792	231250	2312502
CE	23	12601	São Luís do Curu	10962	10962	231260	2312601
CE	23	12700	Senador Pompeu	25143	25143	231270	2312700
CE	23	12809	Senador Sá	7519	7519	231280	2312809
CE	23	12908	Sobral	215286	215286	231290	2312908
CE	23	13005	Solonópole	18736	18736	231300	2313005
CE	23	13104	Tabuleiro do Norte	32044	32044	231310	2313104
CE	23	13203	Tamboril	25331	25331	231320	2313203
CE	23	13252	Tarrafas	7626	7626	231325	2313252
CE	23	13302	Tauá	64255	64255	231330	2313302
CE	23	13351	Tejuçuoca	17626	17626	231335	2313351
CE	23	13401	Tianguá	86137	86137	231340	2313401
CE	23	13500	Trairi	61516	61516	231350	2313500
CE	23	13559	Tururu	15457	15457	231355	2313559
CE	23	13609	Ubajara	34312	34312	231360	2313609
CE	23	13708	Umari	6993	6993	231370	2313708
CE	23	13757	Umirim	17804	17804	231375	2313757
CE	23	13807	Uruburetama	21279	21279	231380	2313807
CE	23	13906	Uruoca	14243	14243	231390	2313906
CE	23	13955	Varjota	18660	18660	231395	2313955
CE	23	14003	Várzea Alegre	40771	40771	231400	2314003
CE	23	14102	Viçosa do Ceará	62609	62609	231410	2314102
RN	24	00109	Acari	10865	10865	240010	2400109
RN	24	00208	Açu	58906	58906	240020	2400208
RN	24	00307	Afonso Bezerra	11149	11149	240030	2400307
RN	24	00406	Água Nova	3028	3028	240040	2400406
RN	24	00505	Alexandria	14042	14042	240050	2400505
RN	24	00604	Almino Afonso	4806	4806	240060	2400604
RN	24	00703	Alto do Rodrigues	12857	12857	240070	2400703
RN	24	00802	Angicos	11973	11973	240080	2400802
RN	24	00901	Antônio Martins	6738	6738	240090	2400901
RN	24	01008	Apodi	37390	37390	240100	2401008
RN	24	01107	Areia Branca	24643	24643	240110	2401107
RN	24	01206	Arês	13657	13657	240120	2401206
RN	24	01305	Campo Grande	10045	10045	240130	2401305
RN	24	01404	Baía Formosa	9098	9098	240140	2401404
RN	24	01453	Baraúna	28268	28268	240145	2401453
RN	24	01503	Barcelona	4103	4103	240150	2401503
RN	24	01602	Bento Fernandes	4920	4920	240160	2401602
RN	24	01651	Bodó	2363	2363	240165	2401651
RN	24	01701	Bom Jesus	10279	10279	240170	2401701
RN	24	01800	Brejinho	12603	12603	240180	2401800
RN	24	01859	Caiçara do Norte	6474	6474	240185	2401859
RN	24	01909	Caiçara do Rio do Vento	3359	3359	240190	2401909
RN	24	02006	Caicó	63339	63339	240200	2402006
RN	24	02105	Campo Redondo	10504	10504	240210	2402105
RN	24	02204	Canguaretama	30806	30806	240220	2402204
RN	24	02303	Caraúbas	20161	20161	240230	2402303
RN	24	02402	Carnaúba dos Dantas	8267	8267	240240	2402402
RN	24	02501	Carnaubais	10010	10010	240250	2402501
RN	24	02600	Ceará-Mirim	83009	83009	240260	2402600
RN	24	02709	Cerro Corá	11322	11322	240270	2402709
RN	24	02808	Coronel Ezequiel	5241	5241	240280	2402808
RN	24	02907	Coronel João Pessoa	4315	4315	240290	2402907
RN	24	03004	Cruzeta	8238	8238	240300	2403004
RN	24	03103	Currais Novos	42930	42930	240310	2403103
RN	24	03202	Doutor Severiano	7253	7253	240320	2403202
RN	24	03251	Parnamirim	269298	269298	240325	2403251
RN	24	03301	Encanto	6252	6252	240330	2403301
RN	24	03400	Equador	5476	5476	240340	2403400
RN	24	03509	Espírito Santo	10936	10936	240350	2403509
RN	24	03608	Extremoz	66993	66993	240360	2403608
RN	24	03707	Felipe Guerra	6458	6458	240370	2403707
RN	24	03756	Fernando Pedroza	3029	3029	240375	2403756
RN	24	03806	Florânia	10528	10528	240380	2403806
RN	24	03905	Francisco Dantas	2763	2763	240390	2403905
RN	24	04002	Frutuoso Gomes	4231	4231	240400	2404002
RN	24	04101	Galinhos	2160	2160	240410	2404101
RN	24	04200	Goianinha	28212	28212	240420	2404200
RN	24	04309	Governador Dix-Sept Rosado	12239	12239	240430	2404309
RN	24	04408	Grossos	10251	10251	240440	2404408
RN	24	04507	Guamaré	15947	15947	240450	2404507
RN	24	04606	Ielmo Marinho	11903	11903	240460	2404606
RN	24	04705	Ipanguaçu	14539	14539	240470	2404705
RN	24	04804	Ipueira	2090	2090	240480	2404804
RN	24	04853	Itajá	7531	7531	240485	2404853
RN	24	04903	Itaú	5452	5452	240490	2404903
RN	24	05009	Jaçanã	8051	8051	240500	2405009
RN	24	05108	Jandaíra	6748	6748	240510	2405108
RN	24	05207	Janduís	4834	4834	240520	2405207
RN	24	05306	Januário Cicco	8836	8836	240530	2405306
RN	24	05405	Japi	5231	5231	240540	2405405
RN	24	05504	Jardim de Angicos	2493	2493	240550	2405504
RN	24	05603	Jardim de Piranhas	14416	14416	240560	2405603
RN	24	05702	Jardim do Seridó	11952	11952	240570	2405702
RN	24	05801	João Câmara	34768	34768	240580	2405801
RN	24	05900	João Dias	2093	2093	240590	2405900
RN	24	06007	José da Penha	5964	5964	240600	2406007
RN	24	06106	Jucurutu	18286	18286	240610	2406106
RN	24	06155	Jundiá	3859	3859	240615	2406155
RN	24	06205	Lagoa d'Anta	6733	6733	240620	2406205
RN	24	06304	Lagoa de Pedras	7577	7577	240630	2406304
RN	24	06403	Lagoa de Velhos	2633	2633	240640	2406403
RN	24	06502	Lagoa Nova	16126	16126	240650	2406502
RN	24	06601	Lagoa Salgada	8619	8619	240660	2406601
RN	24	06700	Lajes	10108	10108	240670	2406700
RN	24	06809	Lajes Pintadas	4939	4939	240680	2406809
RN	24	06908	Lucrécia	3579	3579	240690	2406908
RN	24	07005	Luís Gomes	9286	9286	240700	2407005
RN	24	07104	Macaíba	86433	86433	240710	2407104
RN	24	07203	Macau	28384	28384	240720	2407203
RN	24	07252	Major Sales	4067	4067	240725	2407252
RN	24	07302	Marcelino Vieira	8092	8092	240730	2407302
RN	24	07401	Martins	8411	8411	240740	2407401
RN	24	07500	Maxaranguape	10534	10534	240750	2407500
RN	24	07609	Messias Targino	4404	4404	240760	2407609
RN	24	07708	Montanhas	11774	11774	240770	2407708
RN	24	07807	Monte Alegre	23843	23843	240780	2407807
RN	24	07906	Monte das Gameleiras	2343	2343	240790	2407906
RN	24	08003	Mossoró	278034	278034	240800	2408003
RN	24	08102	Natal	785368	785368	240810	2408102
RN	24	08201	Nísia Floresta	33949	33949	240820	2408201
RN	24	08300	Nova Cruz	35534	35534	240830	2408300
RN	24	08409	Olho d'Água do Borges	3748	3748	240840	2408409
RN	24	08508	Ouro Branco	5071	5071	240850	2408508
RN	24	08607	Paraná	4046	4046	240860	2408607
RN	24	08706	Paraú	3659	3659	240870	2408706
RN	24	08805	Parazinho	4940	4940	240880	2408805
RN	24	08904	Parelhas	22179	22179	240890	2408904
RN	24	08953	Rio do Fogo	10672	10672	240895	2408953
RN	24	09100	Passa e Fica	11406	11406	240910	2409100
RN	24	09209	Passagem	3222	3222	240920	2409209
RN	24	09308	Patu	11245	11245	240930	2409308
RN	24	09332	Santa Maria	4992	4992	240933	2409332
RN	24	09407	Pau dos Ferros	31975	31975	240940	2409407
RN	24	09506	Pedra Grande	3729	3729	240950	2409506
RN	24	09605	Pedra Preta	2499	2499	240960	2409605
RN	24	09704	Pedro Avelino	6345	6345	240970	2409704
RN	24	09803	Pedro Velho	14197	14197	240980	2409803
RN	24	09902	Pendências	12536	12536	240990	2409902
RN	24	10009	Pilões	3010	3010	241000	2410009
RN	24	10108	Poço Branco	12619	12619	241010	2410108
RN	24	10207	Portalegre	7842	7842	241020	2410207
RN	24	10256	Porto do Mangue	5357	5357	241025	2410256
RN	24	10306	Serra Caiada	11146	11146	241030	2410306
RN	24	10405	Pureza	9707	9707	241040	2410405
RN	24	10504	Rafael Fernandes	5647	5647	241050	2410504
RN	24	10603	Rafael Godeiro	3008	3008	241060	2410603
RN	24	10702	Riacho da Cruz	2741	2741	241070	2410702
RN	24	10801	Riacho de Santana	4243	4243	241080	2410801
RN	24	10900	Riachuelo	7627	7627	241090	2410900
RN	24	11007	Rodolfo Fernandes	4349	4349	241100	2411007
RN	24	11056	Tibau	5674	5674	241105	2411056
RN	24	11106	Ruy Barbosa	3266	3266	241110	2411106
RN	24	11205	Santa Cruz	38996	38996	241120	2411205
RN	24	11403	Santana do Matos	12746	12746	241140	2411403
RN	24	11429	Santana do Seridó	2787	2787	241142	2411429
RN	24	11502	Santo Antônio	22779	22779	241150	2411502
RN	24	11601	São Bento do Norte	3426	3426	241160	2411601
RN	24	11700	São Bento do Trairí	3892	3892	241170	2411700
RN	24	11809	São Fernando	3600	3600	241180	2411809
RN	24	11908	São Francisco do Oeste	4304	4304	241190	2411908
RN	24	12005	São Gonçalo do Amarante	123207	123207	241200	2412005
RN	24	12104	São João do Sabugi	6130	6130	241210	2412104
RN	24	12203	São José de Mipibu	49693	49693	241220	2412203
RN	24	12302	São José do Campestre	11340	11340	241230	2412302
RN	24	12401	São José do Seridó	4716	4716	241240	2412401
RN	24	12500	São Miguel	24329	24329	241250	2412500
RN	24	12559	São Miguel do Gostoso	10590	10590	241255	2412559
RN	24	12609	São Paulo do Potengi	17320	17320	241260	2412609
RN	24	12708	São Pedro	5905	5905	241270	2412708
RN	24	12807	São Rafael	7899	7899	241280	2412807
RN	24	12906	São Tomé	10188	10188	241290	2412906
RN	24	13003	São Vicente	6514	6514	241300	2413003
RN	24	13102	Senador Elói de Souza	6007	6007	241310	2413102
RN	24	13201	Senador Georgino Avelino	4193	4193	241320	2413201
RN	24	13300	Serra de São Bento	5864	5864	241330	2413300
RN	24	13359	Serra do Mel	13694	13694	241335	2413359
RN	24	13409	Serra Negra do Norte	7801	7801	241340	2413409
RN	24	13508	Serrinha	6609	6609	241350	2413508
RN	24	13557	Serrinha dos Pintos	4802	4802	241355	2413557
RN	24	13607	Severiano Melo	5623	5623	241360	2413607
RN	24	13706	Sítio Novo	4758	4758	241370	2413706
RN	24	13805	Taboleiro Grande	2406	2406	241380	2413805
RN	24	13904	Taipu	11716	11716	241390	2413904
RN	24	14001	Tangará	13602	13602	241400	2414001
RN	24	14100	Tenente Ananias	10587	10587	241410	2414100
RN	24	14159	Tenente Laurentino Cruz	6118	6118	241415	2414159
RN	24	14209	Tibau do Sul	17840	17840	241420	2414209
RN	24	14308	Timbaúba dos Batistas	2420	2420	241430	2414308
RN	24	14407	Touros	34624	34624	241440	2414407
RN	24	14456	Triunfo Potiguar	3474	3474	241445	2414456
RN	24	14506	Umarizal	10671	10671	241450	2414506
RN	24	14605	Upanema	14013	14013	241460	2414605
RN	24	14704	Várzea	5383	5383	241470	2414704
RN	24	14753	Venha-Ver	3035	3035	241475	2414753
RN	24	14803	Vera Cruz	11044	11044	241480	2414803
RN	24	14902	Viçosa	1890	1890	241490	2414902
RN	24	15008	Vila Flor	3289	3289	241500	2415008
PB	25	00106	Água Branca	9578	9578	250010	2500106
PB	25	00205	Aguiar	5061	5061	250020	2500205
PB	25	00304	Alagoa Grande	26774	26774	250030	2500304
PB	25	00403	Alagoa Nova	21724	21724	250040	2500403
PB	25	00502	Alagoinha	14118	14118	250050	2500502
PB	25	00536	Alcantil	5777	5777	250053	2500536
PB	25	00577	Algodão de Jandaíra	3105	3105	250057	2500577
PB	25	00601	Alhandra	22797	22797	250060	2500601
PB	25	00700	São João do Rio do Peixe	18468	18468	250070	2500700
PB	25	00734	Amparo	2316	2316	250073	2500734
PB	25	00775	Aparecida	8225	8225	250077	2500775
PB	25	00809	Araçagi	17012	17012	250080	2500809
PB	25	00908	Arara	12496	12496	250090	2500908
PB	25	01005	Araruna	17442	17442	250100	2501005
PB	25	01104	Areia	23082	23082	250110	2501104
PB	25	01153	Areia de Baraúnas	2036	2036	250115	2501153
PB	25	01203	Areial	7393	7393	250120	2501203
PB	25	01302	Aroeiras	19148	19148	250130	2501302
PB	25	01351	Assunção	4342	4342	250135	2501351
PB	25	01401	Baía da Traição	9648	9648	250140	2501401
PB	25	01500	Bananeiras	23989	23989	250150	2501500
PB	25	01534	Baraúna	4968	4968	250153	2501534
PB	25	01575	Barra de Santana	8253	8253	250157	2501575
PB	25	01609	Barra de Santa Rosa	13094	13094	250160	2501609
PB	25	01708	Barra de São Miguel	6101	6101	250170	2501708
PB	25	01807	Bayeux	84404	84404	250180	2501807
PB	25	01906	Belém	16740	16740	250190	2501906
PB	25	02003	Belém do Brejo do Cruz	6324	6324	250200	2502003
PB	25	02052	Bernardino Batista	3650	3650	250205	2502052
PB	25	02102	Boa Ventura	5277	5277	250210	2502102
PB	25	02151	Boa Vista	6575	6575	250215	2502151
PB	25	02201	Bom Jesus	2333	2333	250220	2502201
PB	25	02300	Bom Sucesso	4740	4740	250230	2502300
PB	25	02409	Bonito de Santa Fé	10460	10460	250240	2502409
PB	25	02508	Boqueirão	18153	18153	250250	2502508
PB	25	02607	Igaracy	5743	5743	250260	2502607
PB	25	02706	Borborema	4231	4231	250270	2502706
PB	25	02805	Brejo do Cruz	14050	14050	250280	2502805
PB	25	02904	Brejo dos Santos	5840	5840	250290	2502904
PB	25	03001	Caaporã	21865	21865	250300	2503001
PB	25	03100	Cabaceiras	5515	5515	250310	2503100
PB	25	03209	Cabedelo	70067	70067	250320	2503209
PB	25	03308	Cachoeira dos Índios	9351	9351	250330	2503308
PB	25	03407	Cacimba de Areia	3354	3354	250340	2503407
PB	25	03506	Cacimba de Dentro	16373	16373	250350	2503506
PB	25	03555	Cacimbas	7478	7478	250355	2503555
PB	25	03605	Caiçara	6713	6713	250360	2503605
PB	25	03704	Cajazeiras	66171	66171	250370	2503704
PB	25	03753	Cajazeirinhas	2776	2776	250375	2503753
PB	25	03803	Caldas Brandão	5928	5928	250380	2503803
PB	25	03902	Camalaú	6298	6298	250390	2503902
PB	25	04009	Campina Grande	440939	440939	250400	2504009
PB	25	04033	Capim	7347	7347	250403	2504033
PB	25	04074	Caraúbas	4059	4059	250407	2504074
PB	25	04108	Carrapateira	2367	2367	250410	2504108
PB	25	04157	Casserengue	7056	7056	250415	2504157
PB	25	04207	Catingueira	4572	4572	250420	2504207
PB	25	04306	Catolé do Rocha	32118	32118	250430	2504306
PB	25	04355	Caturité	5492	5492	250435	2504355
PB	25	04405	Conceição	18723	18723	250440	2504405
PB	25	04504	Condado	6624	6624	250450	2504504
PB	25	04603	Conde	29543	29543	250460	2504603
PB	25	04702	Congo	5102	5102	250470	2504702
PB	25	04801	Coremas	15005	15005	250480	2504801
PB	25	04850	Coxixola	1882	1882	250485	2504850
PB	25	04900	Cruz do Espírito Santo	17718	17718	250490	2504900
PB	25	05006	Cubati	7820	7820	250500	2505006
PB	25	05105	Cuité	20205	20205	250510	2505105
PB	25	05204	Cuitegi	6894	6894	250520	2505204
PB	25	05238	Cuité de Mamanguape	6431	6431	250523	2505238
PB	25	05279	Curral de Cima	5406	5406	250527	2505279
PB	25	05303	Curral Velho	2327	2327	250530	2505303
PB	25	05352	Damião	5131	5131	250535	2505352
PB	25	05402	Desterro	8300	8300	250540	2505402
PB	25	05501	Vista Serrana	3759	3759	250550	2505501
PB	25	05600	Diamante	6431	6431	250560	2505600
PB	25	05709	Dona Inês	10640	10640	250570	2505709
PB	25	05808	Duas Estradas	3377	3377	250580	2505808
PB	25	05907	Emas	3053	3053	250590	2505907
PB	25	06004	Esperança	32522	32522	250600	2506004
PB	25	06103	Fagundes	11315	11315	250610	2506103
PB	25	06202	Frei Martinho	2913	2913	250620	2506202
PB	25	06251	Gado Bravo	8395	8395	250625	2506251
PB	25	06301	Guarabira	59836	59836	250630	2506301
PB	25	06400	Gurinhém	14133	14133	250640	2506400
PB	25	06509	Gurjão	3343	3343	250650	2506509
PB	25	06608	Ibiara	5733	5733	250660	2506608
PB	25	06707	Imaculada	10550	10550	250670	2506707
PB	25	06806	Ingá	18197	18197	250680	2506806
PB	25	06905	Itabaiana	23621	23621	250690	2506905
PB	25	07002	Itaporanga	24686	24686	250700	2507002
PB	25	07101	Itapororoca	19054	19054	250710	2507101
PB	25	07200	Itatuba	10816	10816	250720	2507200
PB	25	07309	Jacaraú	14923	14923	250730	2507309
PB	25	07408	Jericó	7721	7721	250740	2507408
PB	25	07507	João Pessoa	888679	888679	250750	2507507
PB	25	07606	Juarez Távora	8057	8057	250760	2507606
PB	25	07705	Juazeirinho	17488	17488	250770	2507705
PB	25	07804	Junco do Seridó	7002	7002	250780	2507804
PB	25	07903	Juripiranga	10259	10259	250790	2507903
PB	25	08000	Juru	9410	9410	250800	2508000
PB	25	08109	Lagoa	4502	4502	250810	2508109
PB	25	08208	Lagoa de Dentro	8088	8088	250820	2508208
PB	25	08307	Lagoa Seca	29053	29053	250830	2508307
PB	25	08406	Lastro	3292	3292	250840	2508406
PB	25	08505	Livramento	7045	7045	250850	2508505
PB	25	08554	Logradouro	5045	5045	250855	2508554
PB	25	08604	Lucena	13019	13019	250860	2508604
PB	25	08703	Mãe d'Água	3624	3624	250870	2508703
PB	25	08802	Malta	6259	6259	250880	2508802
PB	25	08901	Mamanguape	46719	46719	250890	2508901
PB	25	09008	Manaíra	10700	10700	250900	2509008
PB	25	09057	Marcação	9435	9435	250905	2509057
PB	25	09107	Mari	22126	22126	250910	2509107
PB	25	09156	Marizópolis	6960	6960	250915	2509156
PB	25	09206	Massaranduba	14666	14666	250920	2509206
PB	25	09305	Mataraca	8585	8585	250930	2509305
PB	25	09339	Matinhas	4735	4735	250933	2509339
PB	25	09370	Mato Grosso	2592	2592	250937	2509370
PB	25	09396	Maturéia	6677	6677	250939	2509396
PB	25	09404	Mogeiro	14375	14375	250940	2509404
PB	25	09503	Montadas	6083	6083	250950	2509503
PB	25	09602	Monte Horebe	4435	4435	250960	2509602
PB	25	09701	Monteiro	33742	33742	250970	2509701
PB	25	09800	Mulungu	8945	8945	250980	2509800
PB	25	09909	Natuba	9014	9014	250990	2509909
PB	25	10006	Nazarezinho	7392	7392	251000	2510006
PB	25	10105	Nova Floresta	9884	9884	251010	2510105
PB	25	10204	Nova Olinda	5909	5909	251020	2510204
PB	25	10303	Nova Palmeira	4362	4362	251030	2510303
PB	25	10402	Olho d'Água	6111	6111	251040	2510402
PB	25	10501	Olivedos	3674	3674	251050	2510501
PB	25	10600	Ouro Velho	2998	2998	251060	2510600
PB	25	10659	Parari	1751	1751	251065	2510659
PB	25	10709	Passagem	2562	2562	251070	2510709
PB	25	10808	Patos	107774	107774	251080	2510808
PB	25	10907	Paulista	12160	12160	251090	2510907
PB	25	11004	Pedra Branca	3846	3846	251100	2511004
PB	25	11103	Pedra Lavrada	6998	6998	251110	2511103
PB	25	11202	Pedras de Fogo	31152	31152	251120	2511202
PB	25	11301	Piancó	17006	17006	251130	2511301
PB	25	11400	Picuí	18835	18835	251140	2511400
PB	25	11509	Pilar	12801	12801	251150	2511509
PB	25	11608	Pilões	6979	6979	251160	2511608
PB	25	11707	Pilõezinhos	5514	5514	251170	2511707
PB	25	11806	Pirpirituba	9467	9467	251180	2511806
PB	25	11905	Pitimbu	17164	17164	251190	2511905
PB	25	12002	Pocinhos	17990	17990	251200	2512002
PB	25	12036	Poço Dantas	3932	3932	251203	2512036
PB	25	12077	Poço de José de Moura	4120	4120	251207	2512077
PB	25	12101	Pombal	33796	33796	251210	2512101
PB	25	12200	Prata	4027	4027	251220	2512200
PB	25	12309	Princesa Isabel	21659	21659	251230	2512309
PB	25	12408	Puxinanã	14837	14837	251240	2512408
PB	25	12507	Queimadas	50214	50214	251250	2512507
PB	25	12606	Quixaba	1798	1798	251260	2512606
PB	25	12705	Remígio	18373	18373	251270	2512705
PB	25	12721	Pedro Régis	5925	5925	251272	2512721
PB	25	12747	Riachão	2964	2964	251274	2512747
PB	25	12754	Riachão do Bacamarte	4877	4877	251275	2512754
PB	25	12762	Riachão do Poço	4946	4946	251276	2512762
PB	25	12788	Riacho de Santo Antônio	2044	2044	251278	2512788
PB	25	12804	Riacho dos Cavalos	8762	8762	251280	2512804
PB	25	12903	Rio Tinto	25394	25394	251290	2512903
PB	25	13000	Salgadinho	3437	3437	251300	2513000
PB	25	13109	Salgado de São Félix	11760	11760	251310	2513109
PB	25	13158	Santa Cecília	8031	8031	251315	2513158
PB	25	13208	Santa Cruz	6041	6041	251320	2513208
PB	25	13307	Santa Helena	6020	6020	251330	2513307
PB	25	13356	Santa Inês	3274	3274	251335	2513356
PB	25	13406	Santa Luzia	15387	15387	251340	2513406
PB	25	13505	Santana de Mangueira	5106	5106	251350	2513505
PB	25	13604	Santana dos Garrotes	6657	6657	251360	2513604
PB	25	13653	Joca Claudino	2606	2606	251365	2513653
PB	25	13703	Santa Rita	159121	159121	251370	2513703
PB	25	13802	Santa Teresinha	4499	4499	251380	2513802
PB	25	13851	Santo André	2702	2702	251385	2513851
PB	25	13901	São Bento	33700	33700	251390	2513901
PB	25	13927	São Bentinho	4473	4473	251392	2513927
PB	25	13943	São Domingos do Cariri	2676	2676	251394	2513943
PB	25	13968	São Domingos	2636	2636	251396	2513968
PB	25	13984	São Francisco	3190	3190	251398	2513984
PB	25	14008	São João do Cariri	4341	4341	251400	2514008
PB	25	14107	São João do Tigre	4363	4363	251410	2514107
PB	25	14206	São José da Lagoa Tapada	7270	7270	251420	2514206
PB	25	14305	São José de Caiana	5032	5032	251430	2514305
PB	25	14404	São José de Espinharas	4099	4099	251440	2514404
PB	25	14453	São José dos Ramos	6105	6105	251445	2514453
PB	25	14503	São José de Piranhas	19552	19552	251450	2514503
PB	25	14552	São José de Princesa	3383	3383	251455	2514552
PB	25	14602	São José do Bonfim	3333	3333	251460	2514602
PB	25	14651	São José do Brejo do Cruz	1748	1748	251465	2514651
PB	25	14701	São José do Sabugi	4270	4270	251470	2514701
PB	25	14800	São José dos Cordeiros	3474	3474	251480	2514800
PB	25	14909	São Mamede	7640	7640	251490	2514909
PB	25	15005	São Miguel de Taipu	7287	7287	251500	2515005
PB	25	15104	São Sebastião de Lagoa de Roça	11365	11365	251510	2515104
PB	25	15203	São Sebastião do Umbuzeiro	3376	3376	251520	2515203
PB	25	15302	Sapé	53309	53309	251530	2515302
PB	25	15401	São Vicente do Seridó	10620	10620	251540	2515401
PB	25	15500	Serra Branca	14075	14075	251550	2515500
PB	25	15609	Serra da Raiz	3162	3162	251560	2515609
PB	25	15708	Serra Grande	3043	3043	251570	2515708
PB	25	15807	Serra Redonda	6984	6984	251580	2515807
PB	25	15906	Serraria	4839	4839	251590	2515906
PB	25	15930	Sertãozinho	5282	5282	251593	2515930
PB	25	15971	Sobrado	8579	8579	251597	2515971
PB	25	16003	Solânea	27749	27749	251600	2516003
PB	25	16102	Soledade	14381	14381	251610	2516102
PB	25	16151	Sossêgo	3461	3461	251615	2516151
PB	25	16201	Sousa	69876	69876	251620	2516201
PB	25	16300	Sumé	17763	17763	251630	2516300
PB	25	16409	Tacima	7934	7934	251640	2516409
PB	25	16508	Taperoá	14376	14376	251650	2516508
PB	25	16607	Tavares	14464	14464	251660	2516607
PB	25	16706	Teixeira	15082	15082	251670	2516706
PB	25	16755	Tenório	3069	3069	251675	2516755
PB	25	16805	Triunfo	10259	10259	251680	2516805
PB	25	16904	Uiraúna	15386	15386	251690	2516904
PB	25	17001	Umbuzeiro	9302	9302	251700	2517001
PB	25	17100	Várzea	2764	2764	251710	2517100
PB	25	17209	Vieirópolis	4974	4974	251720	2517209
PB	25	17407	Zabelê	2310	2310	251740	2517407
PE	26	00054	Abreu e Lima	103945	103945	260005	2600054
PE	26	00104	Afogados da Ingazeira	42407	42407	260010	2600104
PE	26	00203	Afrânio	19349	19349	260020	2600203
PE	26	00302	Agrestina	24615	24615	260030	2600302
PE	26	00401	Água Preta	27221	27221	260040	2600401
PE	26	00500	Águas Belas	43713	43713	260050	2600500
PE	26	00609	Alagoinha	14355	14355	260060	2600609
PE	26	00708	Aliança	37372	37372	260070	2600708
PE	26	00807	Altinho	21185	21185	260080	2600807
PE	26	00906	Amaraji	18471	18471	260090	2600906
PE	26	01003	Angelim	10580	10580	260100	2601003
PE	26	01052	Araçoiaba	19936	19936	260105	2601052
PE	26	01102	Araripina	90104	90104	260110	2601102
PE	26	01201	Arcoverde	82003	82003	260120	2601201
PE	26	01300	Barra de Guabiraba	12616	12616	260130	2601300
PE	26	01409	Barreiros	42056	42056	260140	2601409
PE	26	01508	Belém de Maria	10829	10829	260150	2601508
PE	26	01607	Belém do São Francisco	18713	18713	260160	2601607
PE	26	01706	Belo Jardim	83647	83647	260170	2601706
PE	26	01805	Betânia	11981	11981	260180	2601805
PE	26	01904	Bezerros	64809	64809	260190	2601904
PE	26	02001	Bodocó	36129	36129	260200	2602001
PE	26	02100	Bom Conselho	46192	46192	260210	2602100
PE	26	02209	Bom Jardim	39278	39278	260220	2602209
PE	26	02308	Bonito	39163	39163	260230	2602308
PE	26	02407	Brejão	9399	9399	260240	2602407
PE	26	02506	Brejinho	8010	8010	260250	2602506
PE	26	02605	Brejo da Madre de Deus	51107	51107	260260	2602605
PE	26	02704	Buenos Aires	13254	13254	260270	2602704
PE	26	02803	Buíque	54425	54425	260280	2602803
PE	26	02902	Cabo de Santo Agostinho	216969	216969	260290	2602902
PE	26	03009	Cabrobó	31746	31746	260300	2603009
PE	26	03108	Cachoeirinha	20612	20612	260310	2603108
PE	26	03207	Caetés	30441	30441	260320	2603207
PE	26	03306	Calçado	11445	11445	260330	2603306
PE	26	03405	Calumbi	5367	5367	260340	2603405
PE	26	03454	Camaragibe	155771	155771	260345	2603454
PE	26	03504	Camocim de São Félix	17991	17991	260350	2603504
PE	26	03603	Camutanga	7972	7972	260360	2603603
PE	26	03702	Canhotinho	25090	25090	260370	2603702
PE	26	03801	Capoeiras	18890	18890	260380	2603801
PE	26	03900	Carnaíba	19513	19513	260390	2603900
PE	26	03926	Carnaubeira da Penha	12682	12682	260392	2603926
PE	26	04007	Carpina	83205	83205	260400	2604007
PE	26	04106	Caruaru	402290	402290	260410	2604106
PE	26	04155	Casinhas	13489	13489	260415	2604155
PE	26	04205	Catende	33279	33279	260420	2604205
PE	26	04304	Cedro	10845	10845	260430	2604304
PE	26	04403	Chã de Alegria	13461	13461	260440	2604403
PE	26	04502	Chã Grande	21224	21224	260450	2604502
PE	26	04601	Condado	25383	25383	260460	2604601
PE	26	04700	Correntes	17660	17660	260470	2604700
PE	26	04809	Cortês	10512	10512	260480	2604809
PE	26	04908	Cumaru	16252	16252	260490	2604908
PE	26	05004	Cupira	24301	24301	260500	2605004
PE	26	05103	Custódia	39403	39403	260510	2605103
PE	26	05152	Dormentes	17749	17749	260515	2605152
PE	26	05202	Escada	62252	62252	260520	2605202
PE	26	05301	Exu	33436	33436	260530	2605301
PE	26	05400	Feira Nova	22169	22169	260540	2605400
PE	26	05459	Fernando de Noronha	3316	3316	260545	2605459
PE	26	05509	Ferreiros	15794	15794	260550	2605509
PE	26	05608	Flores	20835	20835	260560	2605608
PE	26	05707	Floresta	31627	31627	260570	2605707
PE	26	05806	Frei Miguelinho	14070	14070	260580	2605806
PE	26	05905	Gameleira	17973	17973	260590	2605905
PE	26	06002	Garanhuns	151064	151064	260600	2606002
PE	26	06101	Glória do Goitá	30370	30370	260610	2606101
PE	26	06200	Goiana	85160	85160	260620	2606200
PE	26	06309	Granito	7206	7206	260630	2606309
PE	26	06408	Gravatá	91887	91887	260640	2606408
PE	26	06507	Iati	17605	17605	260650	2606507
PE	26	06606	Ibimirim	28760	28760	260660	2606606
PE	26	06705	Ibirajuba	7344	7344	260670	2606705
PE	26	06804	Igarassu	122312	122312	260680	2606804
PE	26	06903	Iguaracy	11366	11366	260690	2606903
PE	26	07000	Inajá	27488	27488	260700	2607000
PE	26	07109	Ingazeira	4959	4959	260710	2607109
PE	26	07208	Ipojuca	105638	105638	260720	2607208
PE	26	07307	Ipubi	30603	30603	260730	2607307
PE	26	07406	Itacuruba	4490	4490	260740	2607406
PE	26	07505	Itaíba	33691	33691	260750	2607505
PE	26	07604	Ilha de Itamaracá	25529	25529	260760	2607604
PE	26	07653	Itambé	36626	36626	260765	2607653
PE	26	07703	Itapetim	14232	14232	260770	2607703
PE	26	07752	Itapissuma	29463	29463	260775	2607752
PE	26	07802	Itaquitinga	17109	17109	260780	2607802
PE	26	07901	Jaboatão dos Guararapes	683285	683285	260790	2607901
PE	26	07950	Jaqueira	10483	10483	260795	2607950
PE	26	08008	Jataúba	16323	16323	260800	2608008
PE	26	08057	Jatobá	14463	14463	260805	2608057
PE	26	08107	João Alfredo	28903	28903	260810	2608107
PE	26	08206	Joaquim Nabuco	13506	13506	260820	2608206
PE	26	08255	Jucati	11975	11975	260825	2608255
PE	26	08305	Jupi	15943	15943	260830	2608305
PE	26	08404	Jurema	14027	14027	260840	2608404
PE	26	08453	Lagoa do Carro	18708	18708	260845	2608453
PE	26	08503	Lagoa de Itaenga	19915	19915	260850	2608503
PE	26	08602	Lagoa do Ouro	12364	12364	260860	2608602
PE	26	08701	Lagoa dos Gatos	14386	14386	260870	2608701
PE	26	08750	Lagoa Grande	24952	24952	260875	2608750
PE	26	08800	Lajedo	41786	41786	260880	2608800
PE	26	08909	Limoeiro	59125	59125	260890	2608909
PE	26	09006	Macaparana	24624	24624	260900	2609006
PE	26	09105	Machados	11471	11471	260910	2609105
PE	26	09154	Manari	26773	26773	260915	2609154
PE	26	09204	Maraial	9432	9432	260920	2609204
PE	26	09303	Mirandiba	14599	14599	260930	2609303
PE	26	09402	Moreno	57647	57647	260940	2609402
PE	26	09501	Nazaré da Mata	32153	32153	260950	2609501
PE	26	09600	Olinda	365402	365402	260960	2609600
PE	26	09709	Orobó	22438	22438	260970	2609709
PE	26	09808	Orocó	14100	14100	260980	2609808
PE	26	09907	Ouricuri	68329	68329	260990	2609907
PE	26	10004	Palmares	56615	56615	261000	2610004
PE	26	10103	Palmeirina	7154	7154	261010	2610103
PE	26	10202	Panelas	23449	23449	261020	2610202
PE	26	10301	Paranatama	12712	12712	261030	2610301
PE	26	10400	Parnamirim	19028	19028	261040	2610400
PE	26	10509	Passira	29719	29719	261050	2610509
PE	26	10608	Paudalho	59638	59638	261060	2610608
PE	26	10707	Paulista	362960	362960	261070	2610707
PE	26	10806	Pedra	23605	23605	261080	2610806
PE	26	10905	Pesqueira	65408	65408	261090	2610905
PE	26	11002	Petrolândia	35991	35991	261100	2611002
PE	26	11101	Petrolina	414083	414083	261110	2611101
PE	26	11200	Poção	10805	10805	261120	2611200
PE	26	11309	Pombos	26847	26847	261130	2611309
PE	26	11408	Primavera	14351	14351	261140	2611408
PE	26	11507	Quipapá	17974	17974	261150	2611507
PE	26	11533	Quixaba	6755	6755	261153	2611533
PE	26	11606	Recife	1587707	1587707	261160	2611606
PE	26	11705	Riacho das Almas	21411	21411	261170	2611705
PE	26	11804	Ribeirão	34255	34255	261180	2611804
PE	26	11903	Rio Formoso	20460	20460	261190	2611903
PE	26	12000	Sairé	11218	11218	261200	2612000
PE	26	12109	Salgadinho	5620	5620	261210	2612109
PE	26	12208	Salgueiro	65635	65635	261220	2612208
PE	26	12307	Saloá	14173	14173	261230	2612307
PE	26	12406	Sanharó	18933	18933	261240	2612406
PE	26	12455	Santa Cruz	14320	14320	261245	2612455
PE	26	12471	Santa Cruz da Baixa Verde	11933	11933	261247	2612471
PE	26	12505	Santa Cruz do Capibaribe	104277	104277	261250	2612505
PE	26	12554	Santa Filomena	12402	12402	261255	2612554
PE	26	12604	Santa Maria da Boa Vista	42682	42682	261260	2612604
PE	26	12703	Santa Maria do Cambucá	14533	14533	261270	2612703
PE	26	12802	Santa Terezinha	10513	10513	261280	2612802
PE	26	12901	São Benedito do Sul	13479	13479	261290	2612901
PE	26	13008	São Bento do Una	51264	51264	261300	2613008
PE	26	13107	São Caitano	39117	39117	261310	2613107
PE	26	13206	São João	24772	24772	261320	2613206
PE	26	13305	São Joaquim do Monte	20440	20440	261330	2613305
PE	26	13404	São José da Coroa Grande	19468	19468	261340	2613404
PE	26	13503	São José do Belmonte	36752	36752	261350	2613503
PE	26	13602	São José do Egito	32491	32491	261360	2613602
PE	26	13701	São Lourenço da Mata	117759	117759	261370	2613701
PE	26	13800	São Vicente Férrer	17176	17176	261380	2613800
PE	26	13909	Serra Talhada	98143	98143	261390	2613909
PE	26	14006	Serrita	18759	18759	261400	2614006
PE	26	14105	Sertânia	34269	34269	261410	2614105
PE	26	14204	Sirinhaém	39233	39233	261420	2614204
PE	26	14303	Moreilândia	10849	10849	261430	2614303
PE	26	14402	Solidão	5403	5403	261440	2614402
PE	26	14501	Surubim	67515	67515	261450	2614501
PE	26	14600	Tabira	29093	29093	261460	2614600
PE	26	14709	Tacaimbó	14277	14277	261470	2614709
PE	26	14808	Tacaratu	24803	24803	261480	2614808
PE	26	14857	Tamandaré	24534	24534	261485	2614857
PE	26	15003	Taquaritinga do Norte	25497	25497	261500	2615003
PE	26	15102	Terezinha	6857	6857	261510	2615102
PE	26	15201	Terra Nova	9221	9221	261520	2615201
PE	26	15300	Timbaúba	47575	47575	261530	2615300
PE	26	15409	Toritama	43636	43636	261540	2615409
PE	26	15508	Tracunhaém	14393	14393	261550	2615508
PE	26	15607	Trindade	32086	32086	261560	2615607
PE	26	15706	Triunfo	15142	15142	261570	2615706
PE	26	15805	Tupanatinga	27009	27009	261580	2615805
PE	26	15904	Tuparetama	8252	8252	261590	2615904
PE	26	16001	Venturosa	17609	17609	261600	2616001
PE	26	16100	Verdejante	9474	9474	261610	2616100
PE	26	16183	Vertente do Lério	7782	7782	261618	2616183
PE	26	16209	Vertentes	22955	22955	261620	2616209
PE	26	16308	Vicência	27297	27297	261630	2616308
PE	26	16407	Vitória de Santo Antão	143799	143799	261640	2616407
PE	26	16506	Xexéu	11791	11791	261650	2616506
AL	27	00102	Água Branca	19550	19550	270010	2700102
AL	27	00201	Anadia	14193	14193	270020	2700201
AL	27	00300	Arapiraca	243661	243661	270030	2700300
AL	27	00409	Atalaia	38530	38530	270040	2700409
AL	27	00508	Barra de Santo Antônio	16735	16735	270050	2700508
AL	27	00607	Barra de São Miguel	8118	8118	270060	2700607
AL	27	00706	Batalha	17103	17103	270070	2700706
AL	27	00805	Belém	4820	4820	270080	2700805
AL	27	00904	Belo Monte	5898	5898	270090	2700904
AL	27	01001	Boca da Mata	21517	21517	270100	2701001
AL	27	01100	Branquinha	9786	9786	270110	2701100
AL	27	01209	Cacimbinhas	10701	10701	270120	2701209
AL	27	01308	Cajueiro	16605	16605	270130	2701308
AL	27	01357	Campestre	6807	6807	270135	2701357
AL	27	01407	Campo Alegre	32714	32714	270140	2701407
AL	27	01506	Campo Grande	8293	8293	270150	2701506
AL	27	01605	Canapi	15743	15743	270160	2701605
AL	27	01704	Capela	15068	15068	270170	2701704
AL	27	01803	Carneiros	9200	9200	270180	2701803
AL	27	01902	Chã Preta	6010	6010	270190	2701902
AL	27	02009	Coité do Nóia	11036	11036	270200	2702009
AL	27	02108	Colônia Leopoldina	15949	15949	270210	2702108
AL	27	02207	Coqueiro Seco	5700	5700	270220	2702207
AL	27	02306	Coruripe	51788	51788	270230	2702306
AL	27	02355	Craíbas	26115	26115	270235	2702355
AL	27	02405	Delmiro Gouveia	52809	52809	270240	2702405
AL	27	02504	Dois Riachos	9906	9906	270250	2702504
AL	27	02553	Estrela de Alagoas	15701	15701	270255	2702553
AL	27	02603	Feira Grande	23191	23191	270260	2702603
AL	27	02702	Feliz Deserto	4038	4038	270270	2702702
AL	27	02801	Flexeiras	9767	9767	270280	2702801
AL	27	02900	Girau do Ponciano	37335	37335	270290	2702900
AL	27	03007	Ibateguara	13992	13992	270300	2703007
AL	27	03106	Igaci	24452	24452	270310	2703106
AL	27	03205	Igreja Nova	22125	22125	270320	2703205
AL	27	03304	Inhapi	15417	15417	270330	2703304
AL	27	03403	Jacaré dos Homens	5182	5182	270340	2703403
AL	27	03502	Jacuípe	5432	5432	270350	2703502
AL	27	03601	Japaratinga	9443	9443	270360	2703601
AL	27	03700	Jaramataia	5075	5075	270370	2703700
AL	27	03759	Jequiá da Praia	9625	9625	270375	2703759
AL	27	03809	Joaquim Gomes	17386	17386	270380	2703809
AL	27	03908	Jundiá	4176	4176	270390	2703908
AL	27	04005	Junqueiro	24381	24381	270400	2704005
AL	27	04104	Lagoa da Canoa	18831	18831	270410	2704104
AL	27	04203	Limoeiro de Anadia	25197	25197	270420	2704203
AL	27	04302	Maceió	994464	994464	270430	2704302
AL	27	04401	Major Isidoro	17834	17834	270440	2704401
AL	27	04500	Maragogi	33232	33232	270450	2704500
AL	27	04609	Maravilha	9715	9715	270460	2704609
AL	27	04708	Marechal Deodoro	62341	62341	270470	2704708
AL	27	04807	Maribondo	13968	13968	270480	2704807
AL	27	04906	Mar Vermelho	3212	3212	270490	2704906
AL	27	05002	Mata Grande	22147	22147	270500	2705002
AL	27	05101	Matriz de Camaragibe	24330	24330	270510	2705101
AL	27	05200	Messias	15707	15707	270520	2705200
AL	27	05309	Minador do Negrão	4938	4938	270530	2705309
AL	27	05408	Monteirópolis	7341	7341	270540	2705408
AL	27	05507	Murici	25933	25933	270550	2705507
AL	27	05606	Novo Lino	10298	10298	270560	2705606
AL	27	05705	Olho d'Água das Flores	21132	21132	270570	2705705
AL	27	05804	Olho d'Água do Casado	8522	8522	270580	2705804
AL	27	05903	Olho d'Água Grande	4384	4384	270590	2705903
AL	27	06000	Olivença	11048	11048	270600	2706000
AL	27	06109	Ouro Branco	11699	11699	270610	2706109
AL	27	06208	Palestina	4410	4410	270620	2706208
AL	27	06307	Palmeira dos Índios	73596	73596	270630	2706307
AL	27	06406	Pão de Açúcar	24291	24291	270640	2706406
AL	27	06422	Pariconha	10803	10803	270642	2706422
AL	27	06448	Paripueira	14176	14176	270644	2706448
AL	27	06505	Passo de Camaragibe	14076	14076	270650	2706505
AL	27	06604	Paulo Jacinto	6697	6697	270660	2706604
AL	27	06703	Penedo	60189	60189	270670	2706703
AL	27	06802	Piaçabuçu	16201	16201	270680	2706802
AL	27	06901	Pilar	36499	36499	270690	2706901
AL	27	07008	Pindoba	2786	2786	270700	2707008
AL	27	07107	Piranhas	23053	23053	270710	2707107
AL	27	07206	Poço das Trincheiras	12974	12974	270720	2707206
AL	27	07305	Porto Calvo	24520	24520	270730	2707305
AL	27	07404	Porto de Pedras	9508	9508	270740	2707404
AL	27	07503	Porto Real do Colégio	20262	20262	270750	2707503
AL	27	07602	Quebrangulo	11305	11305	270760	2707602
AL	27	07701	Rio Largo	97435	97435	270770	2707701
AL	27	07800	Roteiro	6607	6607	270780	2707800
AL	27	07909	Santa Luzia do Norte	7065	7065	270790	2707909
AL	27	08006	Santana do Ipanema	47397	47397	270800	2708006
AL	27	08105	Santana do Mundaú	11568	11568	270810	2708105
AL	27	08204	São Brás	6557	6557	270820	2708204
AL	27	08303	São José da Laje	21193	21193	270830	2708303
AL	27	08402	São José da Tapera	31557	31557	270840	2708402
AL	27	08501	São Luís do Quitunde	31792	31792	270850	2708501
AL	27	08600	São Miguel dos Campos	53391	53391	270860	2708600
AL	27	08709	São Miguel dos Milagres	8687	8687	270870	2708709
AL	27	08808	São Sebastião	32701	32701	270880	2708808
AL	27	08907	Satuba	25000	25000	270890	2708907
AL	27	08956	Senador Rui Palmeira	12549	12549	270895	2708956
AL	27	09004	Tanque d'Arca	5909	5909	270900	2709004
AL	27	09103	Taquarana	19422	19422	270910	2709103
AL	27	09152	Teotônio Vilela	39161	39161	270915	2709152
AL	27	09202	Traipu	24124	24124	270920	2709202
AL	27	09301	União dos Palmares	60874	60874	270930	2709301
AL	27	09400	Viçosa	24423	24423	270940	2709400
SE	28	00100	Amparo do São Francisco	2206	2206	280010	2800100
SE	28	00209	Aquidabã	20542	20542	280020	2800209
SE	28	00308	Aracaju	628849	628849	280030	2800308
SE	28	00407	Arauá	10483	10483	280040	2800407
SE	28	00506	Areia Branca	18560	18560	280050	2800506
SE	28	00605	Barra dos Coqueiros	44384	44384	280060	2800605
SE	28	00670	Boquim	25038	25038	280067	2800670
SE	28	00704	Brejo Grande	8016	8016	280070	2800704
SE	28	01009	Campo do Brito	18646	18646	280100	2801009
SE	28	01108	Canhoba	3855	3855	280110	2801108
SE	28	01207	Canindé de São Francisco	27885	27885	280120	2801207
SE	28	01306	Capela	32716	32716	280130	2801306
SE	28	01405	Carira	20315	20315	280140	2801405
SE	28	01504	Carmópolis	14179	14179	280150	2801504
SE	28	01603	Cedro de São João	5482	5482	280160	2801603
SE	28	01702	Cristinápolis	17539	17539	280170	2801702
SE	28	01900	Cumbe	3906	3906	280190	2801900
SE	28	02007	Divina Pastora	4433	4433	280200	2802007
SE	28	02106	Estância	66978	66978	280210	2802106
SE	28	02205	Feira Nova	6207	6207	280220	2802205
SE	28	02304	Frei Paulo	14884	14884	280230	2802304
SE	28	02403	Gararu	11301	11301	280240	2802403
SE	28	02502	General Maynard	3111	3111	280250	2802502
SE	28	02601	Gracho Cardoso	5979	5979	280260	2802601
SE	28	02700	Ilha das Flores	8495	8495	280270	2802700
SE	28	02809	Indiaroba	16949	16949	280280	2802809
SE	28	02908	Itabaiana	108408	108408	280290	2802908
SE	28	03005	Itabaianinha	42114	42114	280300	2803005
SE	28	03104	Itabi	4823	4823	280310	2803104
SE	28	03203	Itaporanga d'Ajuda	35863	35863	280320	2803203
SE	28	03302	Japaratuba	16472	16472	280330	2803302
SE	28	03401	Japoatã	13707	13707	280340	2803401
SE	28	03500	Lagarto	105558	105558	280350	2803500
SE	28	03609	Laranjeiras	24170	24170	280360	2803609
SE	28	03708	Macambira	7024	7024	280370	2803708
SE	28	03807	Malhada dos Bois	3666	3666	280380	2803807
SE	28	03906	Malhador	11728	11728	280390	2803906
SE	28	04003	Maruim	15975	15975	280400	2804003
SE	28	04102	Moita Bonita	11288	11288	280410	2804102
SE	28	04201	Monte Alegre de Sergipe	14732	14732	280420	2804201
SE	28	04300	Muribeca	8033	8033	280430	2804300
SE	28	04409	Neópolis	16558	16558	280440	2804409
SE	28	04458	Nossa Senhora Aparecida	9496	9496	280445	2804458
SE	28	04508	Nossa Senhora da Glória	43255	43255	280450	2804508
SE	28	04607	Nossa Senhora das Dores	25537	25537	280460	2804607
SE	28	04706	Nossa Senhora de Lourdes	6404	6404	280470	2804706
SE	28	04805	Nossa Senhora do Socorro	202450	202450	280480	2804805
SE	28	04904	Pacatuba	12709	12709	280490	2804904
SE	28	05000	Pedra Mole	2818	2818	280500	2805000
SE	28	05109	Pedrinhas	7416	7416	280510	2805109
SE	28	05208	Pinhão	5769	5769	280520	2805208
SE	28	05307	Pirambu	8037	8037	280530	2805307
SE	28	05406	Poço Redondo	34723	34723	280540	2805406
SE	28	05505	Poço Verde	22214	22214	280550	2805505
SE	28	05604	Porto da Folha	27350	27350	280560	2805604
SE	28	05703	Propriá	27273	27273	280570	2805703
SE	28	05802	Riachão do Dantas	18579	18579	280580	2805802
SE	28	05901	Riachuelo	8875	8875	280590	2805901
SE	28	06008	Ribeirópolis	17362	17362	280600	2806008
SE	28	06107	Rosário do Catete	9499	9499	280610	2806107
SE	28	06206	Salgado	20772	20772	280620	2806206
SE	28	06305	Santa Luzia do Itanhy	13965	13965	280630	2806305
SE	28	06404	Santana do São Francisco	7530	7530	280640	2806404
SE	28	06503	Santa Rosa de Lima	4038	4038	280650	2806503
SE	28	06602	Santo Amaro das Brotas	11297	11297	280660	2806602
SE	28	06701	São Cristóvão	100360	100360	280670	2806701
SE	28	06800	São Domingos	10550	10550	280680	2806800
SE	28	06909	São Francisco	3323	3323	280690	2806909
SE	28	07006	São Miguel do Aleixo	3481	3481	280700	2807006
SE	28	07105	Simão Dias	44285	44285	280710	2807105
SE	28	07204	Siriri	7984	7984	280720	2807204
SE	28	07303	Telha	3373	3373	280730	2807303
SE	28	07402	Tobias Barreto	52613	52613	280740	2807402
SE	28	07501	Tomar do Geru	12145	12145	280750	2807501
SE	28	07600	Umbaúba	24538	24538	280760	2807600
BA	29	00108	Abaíra	7452	7452	290010	2900108
BA	29	00207	Abaré	18240	18240	290020	2900207
BA	29	00306	Acajutiba	14215	14215	290030	2900306
BA	29	00355	Adustina	14554	14554	290035	2900355
BA	29	00405	Água Fria	14871	14871	290040	2900405
BA	29	00504	Érico Cardoso	10948	10948	290050	2900504
BA	29	00603	Aiquara	4586	4586	290060	2900603
BA	29	00702	Alagoinhas	160662	160662	290070	2900702
BA	29	00801	Alcobaça	25494	25494	290080	2900801
BA	29	00900	Almadina	5327	5327	290090	2900900
BA	29	01007	Amargosa	38478	38478	290100	2901007
BA	29	01106	Amélia Rodrigues	24848	24848	290110	2901106
BA	29	01155	América Dourada	15583	15583	290115	2901155
BA	29	01205	Anagé	26715	26715	290120	2901205
BA	29	01304	Andaraí	13531	13531	290130	2901304
BA	29	01353	Andorinha	15485	15485	290135	2901353
BA	29	01403	Angical	14178	14178	290140	2901403
BA	29	01502	Anguera	11456	11456	290150	2901502
BA	29	01601	Antas	15061	15061	290160	2901601
BA	29	01700	Antônio Cardoso	11501	11501	290170	2901700
BA	29	01809	Antônio Gonçalves	11236	11236	290180	2901809
BA	29	01908	Aporá	16379	16379	290190	2901908
BA	29	01957	Apuarema	7114	7114	290195	2901957
BA	29	02005	Aracatu	14422	14422	290200	2902005
BA	29	02054	Araçás	11946	11946	290205	2902054
BA	29	02104	Araci	50336	50336	290210	2902104
BA	29	02203	Aramari	10122	10122	290220	2902203
BA	29	02252	Arataca	10463	10463	290225	2902252
BA	29	02302	Aratuípe	8981	8981	290230	2902302
BA	29	02401	Aurelino Leal	11409	11409	290240	2902401
BA	29	02500	Baianópolis	14110	14110	290250	2902500
BA	29	02609	Baixa Grande	18680	18680	290260	2902609
BA	29	02658	Banzaê	12309	12309	290265	2902658
BA	29	02708	Barra	53528	53528	290270	2902708
BA	29	02807	Barra da Estiva	27582	27582	290280	2902807
BA	29	02906	Barra do Choça	38481	38481	290290	2902906
BA	29	03003	Barra do Mendes	14345	14345	290300	2903003
BA	29	03102	Barra do Rocha	5920	5920	290310	2903102
BA	29	03201	Barreiras	170667	170667	290320	2903201
BA	29	03235	Barro Alto	13911	13911	290323	2903235
BA	29	03276	Barrocas	15743	15743	290327	2903276
BA	29	03300	Barro Preto	5966	5966	290330	2903300
BA	29	03409	Belmonte	20567	20567	290340	2903409
BA	29	03508	Belo Campo	19042	19042	290350	2903508
BA	29	03607	Biritinga	15606	15606	290360	2903607
BA	29	03706	Boa Nova	14052	14052	290370	2903706
BA	29	03805	Boa Vista do Tupim	17307	17307	290380	2903805
BA	29	03904	Bom Jesus da Lapa	68704	68704	290390	2903904
BA	29	03953	Bom Jesus da Serra	10028	10028	290395	2903953
BA	29	04001	Boninal	14104	14104	290400	2904001
BA	29	04050	Bonito	16393	16393	290405	2904050
BA	29	04100	Boquira	19829	19829	290410	2904100
BA	29	04209	Botuporã	11411	11411	290420	2904209
BA	29	04308	Brejões	13272	13272	290430	2904308
BA	29	04407	Brejolândia	9377	9377	290440	2904407
BA	29	04506	Brotas de Macaúbas	12169	12169	290450	2904506
BA	29	04605	Brumado	74095	74095	290460	2904605
BA	29	04704	Buerarema	15056	15056	290470	2904704
BA	29	04753	Buritirama	20212	20212	290475	2904753
BA	29	04803	Caatiba	6224	6224	290480	2904803
BA	29	04852	Cabaceiras do Paraguaçu	17039	17039	290485	2904852
BA	29	04902	Cachoeira	30550	30550	290490	2904902
BA	29	05008	Caculé	23246	23246	290500	2905008
BA	29	05107	Caém	10729	10729	290510	2905107
BA	29	05156	Caetanos	11500	11500	290515	2905156
BA	29	05206	Caetité	54572	54572	290520	2905206
BA	29	05305	Cafarnaum	18039	18039	290530	2905305
BA	29	05404	Cairu	18486	18486	290540	2905404
BA	29	05503	Caldeirão Grande	13566	13566	290550	2905503
BA	29	05602	Camacan	22756	22756	290560	2905602
BA	29	05701	Camaçari	319394	319394	290570	2905701
BA	29	05800	Camamu	31775	31775	290580	2905800
BA	29	05909	Campo Alegre de Lourdes	32377	32377	290590	2905909
BA	29	06006	Campo Formoso	74894	74894	290600	2906006
BA	29	06105	Canápolis	10612	10612	290610	2906105
BA	29	06204	Canarana	24989	24989	290620	2906204
BA	29	06303	Canavieiras	34343	34343	290630	2906303
BA	29	06402	Candeal	7969	7969	290640	2906402
BA	29	06501	Candeias	75083	75083	290650	2906501
BA	29	06600	Candiba	13425	13425	290660	2906600
BA	29	06709	Cândido Sales	26465	26465	290670	2906709
BA	29	06808	Cansanção	39556	39556	290680	2906808
BA	29	06824	Canudos	16662	16662	290682	2906824
BA	29	06857	Capela do Alto Alegre	11055	11055	290685	2906857
BA	29	06873	Capim Grosso	35228	35228	290687	2906873
BA	29	06899	Caraíbas	10260	10260	290689	2906899
BA	29	06907	Caravelas	21229	21229	290690	2906907
BA	29	07004	Cardeal da Silva	8634	8634	290700	2907004
BA	29	07103	Carinhanha	30375	30375	290710	2907103
BA	29	07202	Casa Nova	75815	75815	290720	2907202
BA	29	07301	Castro Alves	25471	25471	290730	2907301
BA	29	07400	Catolândia	3560	3560	290740	2907400
BA	29	07509	Catu	50153	50153	290750	2907509
BA	29	07558	Caturama	9115	9115	290755	2907558
BA	29	07608	Central	16849	16849	290760	2907608
BA	29	07707	Chorrochó	10929	10929	290770	2907707
BA	29	07806	Cícero Dantas	32268	32268	290780	2907806
BA	29	07905	Cipó	17836	17836	290790	2907905
BA	29	08002	Coaraci	17663	17663	290800	2908002
BA	29	08101	Cocos	19817	19817	290810	2908101
BA	29	08200	Conceição da Feira	21499	21499	290820	2908200
BA	29	08309	Conceição do Almeida	16184	16184	290830	2908309
BA	29	08408	Conceição do Coité	71316	71316	290840	2908408
BA	29	08507	Conceição do Jacuípe	37409	37409	290850	2908507
BA	29	08606	Conde	24434	24434	290860	2908606
BA	29	08705	Condeúba	17571	17571	290870	2908705
BA	29	08804	Contendas do Sincorá	4490	4490	290880	2908804
BA	29	08903	Coração de Maria	28258	28258	290890	2908903
BA	29	09000	Cordeiros	7763	7763	290900	2909000
BA	29	09109	Coribe	14464	14464	290910	2909109
BA	29	09208	Coronel João Sá	17593	17593	290920	2909208
BA	29	09307	Correntina	34179	34179	290930	2909307
BA	29	09406	Cotegipe	13472	13472	290940	2909406
BA	29	09505	Cravolândia	4514	4514	290950	2909505
BA	29	09604	Crisópolis	20343	20343	290960	2909604
BA	29	09703	Cristópolis	14514	14514	290970	2909703
BA	29	09802	Cruz das Almas	63203	63203	290980	2909802
BA	29	09901	Curaçá	36021	36021	290990	2909901
BA	29	10008	Dário Meira	11094	11094	291000	2910008
BA	29	10057	Dias d'Ávila	75053	75053	291005	2910057
BA	29	10107	Dom Basílio	12309	12309	291010	2910107
BA	29	10206	Dom Macedo Costa	4588	4588	291020	2910206
BA	29	10305	Elísio Medrado	8066	8066	291030	2910305
BA	29	10404	Encruzilhada	19535	19535	291040	2910404
BA	29	10503	Entre Rios	39902	39902	291050	2910503
BA	29	10602	Esplanada	34146	34146	291060	2910602
BA	29	10701	Euclides da Cunha	64547	64547	291070	2910701
BA	29	10727	Eunápolis	120515	120515	291072	2910727
BA	29	10750	Fátima	18469	18469	291075	2910750
BA	29	10776	Feira da Mata	5825	5825	291077	2910776
BA	29	10800	Feira de Santana	657948	657948	291080	2910800
BA	29	10859	Filadélfia	18573	18573	291085	2910859
BA	29	10909	Firmino Alves	5006	5006	291090	2910909
BA	29	11006	Floresta Azul	11442	11442	291100	2911006
BA	29	11105	Formosa do Rio Preto	27421	27421	291110	2911105
BA	29	11204	Gandu	33938	33938	291120	2911204
BA	29	11253	Gavião	4493	4493	291125	2911253
BA	29	11303	Gentio do Ouro	11263	11263	291130	2911303
BA	29	11402	Glória	16072	16072	291140	2911402
BA	29	11501	Gongogi	5567	5567	291150	2911501
BA	29	11600	Governador Mangabeira	21314	21314	291160	2911600
BA	29	11659	Guajeru	8225	8225	291165	2911659
BA	29	11709	Guanambi	93065	93065	291170	2911709
BA	29	11808	Guaratinga	19490	19490	291180	2911808
BA	29	11857	Heliópolis	13074	13074	291185	2911857
BA	29	11907	Iaçu	25333	25333	291190	2911907
BA	29	12004	Ibiassucê	10754	10754	291200	2912004
BA	29	12103	Ibicaraí	22200	22200	291210	2912103
BA	29	12202	Ibicoara	21690	21690	291220	2912202
BA	29	12301	Ibicuí	14306	14306	291230	2912301
BA	29	12400	Ibipeba	17128	17128	291240	2912400
BA	29	12509	Ibipitanga	14316	14316	291250	2912509
BA	29	12608	Ibiquera	3837	3837	291260	2912608
BA	29	12707	Ibirapitanga	26794	26794	291270	2912707
BA	29	12806	Ibirapuã	9259	9259	291280	2912806
BA	29	12905	Ibirataia	19375	19375	291290	2912905
BA	29	13002	Ibitiara	15062	15062	291300	2913002
BA	29	13101	Ibititá	17509	17509	291310	2913101
BA	29	13200	Ibotirama	27670	27670	291320	2913200
BA	29	13309	Ichu	6415	6415	291330	2913309
BA	29	13408	Igaporã	16047	16047	291340	2913408
BA	29	13457	Igrapiúna	13528	13528	291345	2913457
BA	29	13507	Iguaí	21897	21897	291350	2913507
BA	29	13606	Ilhéus	189028	189028	291360	2913606
BA	29	13705	Inhambupe	35397	35397	291370	2913705
BA	29	13804	Ipecaetá	14064	14064	291380	2913804
BA	29	13903	Ipiaú	42507	42507	291390	2913903
BA	29	14000	Ipirá	59264	59264	291400	2914000
BA	29	14109	Ipupiara	10318	10318	291410	2914109
BA	29	14208	Irajuba	6255	6255	291420	2914208
BA	29	14307	Iramaia	11060	11060	291430	2914307
BA	29	14406	Iraquara	24759	24759	291440	2914406
BA	29	14505	Irará	29509	29509	291450	2914505
BA	29	14604	Irecê	78425	78425	291460	2914604
BA	29	14653	Itabela	29563	29563	291465	2914653
BA	29	14703	Itaberaba	68244	68244	291470	2914703
BA	29	14802	Itabuna	196676	196676	291480	2914802
BA	29	14901	Itacaré	29337	29337	291490	2914901
BA	29	15007	Itaeté	13822	13822	291500	2915007
BA	29	15106	Itagi	14314	14314	291510	2915106
BA	29	15205	Itagibá	15792	15792	291520	2915205
BA	29	15304	Itagimirim	6512	6512	291530	2915304
BA	29	15353	Itaguaçu da Bahia	12683	12683	291535	2915353
BA	29	15403	Itaju do Colônia	6157	6157	291540	2915403
BA	29	15502	Itajuípe	19249	19249	291550	2915502
BA	29	15601	Itamaraju	62065	62065	291560	2915601
BA	29	15700	Itamari	7219	7219	291570	2915700
BA	29	15809	Itambé	25108	25108	291580	2915809
BA	29	15908	Itanagra	6087	6087	291590	2915908
BA	29	16005	Itanhém	18258	18258	291600	2916005
BA	29	16104	Itaparica	20369	20369	291610	2916104
BA	29	16203	Itapé	10658	10658	291620	2916203
BA	29	16302	Itapebi	9501	9501	291630	2916302
BA	29	16401	Itapetinga	68735	68735	291640	2916401
BA	29	16500	Itapicuru	33254	33254	291650	2916500
BA	29	16609	Itapitanga	10630	10630	291660	2916609
BA	29	16708	Itaquara	8448	8448	291670	2916708
BA	29	16807	Itarantim	17517	17517	291680	2916807
BA	29	16856	Itatim	16375	16375	291685	2916856
BA	29	16906	Itiruçu	11261	11261	291690	2916906
BA	29	17003	Itiúba	35491	35491	291700	2917003
BA	29	17102	Itororó	16945	16945	291710	2917102
BA	29	17201	Ituaçu	18493	18493	291720	2917201
BA	29	17300	Ituberá	22299	22299	291730	2917300
BA	29	17334	Iuiu	11532	11532	291733	2917334
BA	29	17359	Jaborandi	9592	9592	291735	2917359
BA	29	17409	Jacaraci	14901	14901	291740	2917409
BA	29	17508	Jacobina	86649	86649	291750	2917508
BA	29	17607	Jaguaquara	47738	47738	291760	2917607
BA	29	17706	Jaguarari	34440	34440	291770	2917706
BA	29	17805	Jaguaripe	18300	18300	291780	2917805
BA	29	17904	Jandaíra	9535	9535	291790	2917904
BA	29	18001	Jequié	168733	168733	291800	2918001
BA	29	18100	Jeremoabo	39501	39501	291810	2918100
BA	29	18209	Jiquiriçá	14066	14066	291820	2918209
BA	29	18308	Jitaúna	14815	14815	291830	2918308
BA	29	18357	João Dourado	25799	25799	291835	2918357
BA	29	18407	Juazeiro	254481	254481	291840	2918407
BA	29	18456	Jucuruçu	9944	9944	291845	2918456
BA	29	18506	Jussara	16956	16956	291850	2918506
BA	29	18555	Jussari	6059	6059	291855	2918555
BA	29	18605	Jussiape	7585	7585	291860	2918605
BA	29	18704	Lafaiete Coutinho	4221	4221	291870	2918704
BA	29	18753	Lagoa Real	14546	14546	291875	2918753
BA	29	18803	Laje	21704	21704	291880	2918803
BA	29	18902	Lajedão	3986	3986	291890	2918902
BA	29	19009	Lajedinho	3621	3621	291900	2919009
BA	29	19058	Lajedo do Tabocal	7702	7702	291905	2919058
BA	29	19108	Lamarão	9305	9305	291910	2919108
BA	29	19157	Lapão	26998	26998	291915	2919157
BA	29	19207	Lauro de Freitas	217960	217960	291920	2919207
BA	29	19306	Lençóis	11170	11170	291930	2919306
BA	29	19405	Licínio de Almeida	12208	12208	291940	2919405
BA	29	19504	Livramento de Nossa Senhora	46249	46249	291950	2919504
BA	29	19553	Luís Eduardo Magalhães	116662	116662	291955	2919553
BA	29	19603	Macajuba	10758	10758	291960	2919603
BA	29	19702	Macarani	22596	22596	291970	2919702
BA	29	19801	Macaúbas	43725	43725	291980	2919801
BA	29	19900	Macururé	7455	7455	291990	2919900
BA	29	19926	Madre de Deus	19173	19173	291992	2919926
BA	29	19959	Maetinga	7212	7212	291995	2919959
BA	29	20007	Maiquinique	9011	9011	292000	2920007
BA	29	20106	Mairi	18161	18161	292010	2920106
BA	29	20205	Malhada	15834	15834	292020	2920205
BA	29	20304	Malhada de Pedras	8972	8972	292030	2920304
BA	29	20403	Manoel Vitorino	14295	14295	292040	2920403
BA	29	20452	Mansidão	14484	14484	292045	2920452
BA	29	20502	Maracás	29197	29197	292050	2920502
BA	29	20601	Maragogipe	37225	37225	292060	2920601
BA	29	20700	Maraú	25626	25626	292070	2920700
BA	29	20809	Marcionílio Souza	9507	9507	292080	2920809
BA	29	20908	Mascote	13941	13941	292090	2920908
BA	29	21005	Mata de São João	44839	44839	292100	2921005
BA	29	21054	Matina	10629	10629	292105	2921054
BA	29	21104	Medeiros Neto	22925	22925	292110	2921104
BA	29	21203	Miguel Calmon	25317	25317	292120	2921203
BA	29	21302	Milagres	11434	11434	292130	2921302
BA	29	21401	Mirangaba	16185	16185	292140	2921401
BA	29	21450	Mirante	10523	10523	292145	2921450
BA	29	21500	Monte Santo	49823	49823	292150	2921500
BA	29	21609	Morpará	8232	8232	292160	2921609
BA	29	21708	Morro do Chapéu	35224	35224	292170	2921708
BA	29	21807	Mortugaba	11487	11487	292180	2921807
BA	29	21906	Mucugê	12650	12650	292190	2921906
BA	29	22003	Mucuri	40005	40005	292200	2922003
BA	29	22052	Mulungu do Morro	13625	13625	292205	2922052
BA	29	22102	Mundo Novo	17417	17417	292210	2922102
BA	29	22201	Muniz Ferreira	7443	7443	292220	2922201
BA	29	22250	Muquém do São Francisco	10796	10796	292225	2922250
BA	29	22300	Muritiba	30146	30146	292230	2922300
BA	29	22409	Mutuípe	20612	20612	292240	2922409
BA	29	22508	Nazaré	28403	28403	292250	2922508
BA	29	22607	Nilo Peçanha	12418	12418	292260	2922607
BA	29	22656	Nordestina	19500	19500	292265	2922656
BA	29	22706	Nova Canaã	14035	14035	292270	2922706
BA	29	22730	Nova Fátima	8264	8264	292273	2922730
BA	29	22755	Nova Ibiá	6701	6701	292275	2922755
BA	29	22805	Nova Itarana	8059	8059	292280	2922805
BA	29	22854	Nova Redenção	7708	7708	292285	2922854
BA	29	22904	Nova Soure	24906	24906	292290	2922904
BA	29	23001	Nova Viçosa	41551	41551	292300	2923001
BA	29	23035	Novo Horizonte	11565	11565	292303	2923035
BA	29	23050	Novo Triunfo	11197	11197	292305	2923050
BA	29	23100	Olindina	23085	23085	292310	2923100
BA	29	23209	Oliveira dos Brejinhos	21334	21334	292320	2923209
BA	29	23308	Ouriçangas	7939	7939	292330	2923308
BA	29	23357	Ourolândia	20037	20037	292335	2923357
BA	29	23407	Palmas de Monte Alto	20677	20677	292340	2923407
BA	29	23506	Palmeiras	10819	10819	292350	2923506
BA	29	23605	Paramirim	21009	21009	292360	2923605
BA	29	23704	Paratinga	30671	30671	292370	2923704
BA	29	23803	Paripiranga	27866	27866	292380	2923803
BA	29	23902	Pau Brasil	9584	9584	292390	2923902
BA	29	24009	Paulo Afonso	119128	119128	292400	2924009
BA	29	24058	Pé de Serra	13675	13675	292405	2924058
BA	29	24108	Pedrão	6415	6415	292410	2924108
BA	29	24207	Pedro Alexandre	14288	14288	292420	2924207
BA	29	24306	Piatã	20859	20859	292430	2924306
BA	29	24405	Pilão Arcado	37272	37272	292440	2924405
BA	29	24504	Pindaí	15146	15146	292450	2924504
BA	29	24603	Pindobaçu	19625	19625	292460	2924603
BA	29	24652	Pintadas	10656	10656	292465	2924652
BA	29	24678	Piraí do Norte	11429	11429	292467	2924678
BA	29	24702	Piripá	9255	9255	292470	2924702
BA	29	24801	Piritiba	17838	17838	292480	2924801
BA	29	24900	Planaltino	8254	8254	292490	2924900
BA	29	25006	Planalto	24036	24036	292500	2925006
BA	29	25105	Poções	50642	50642	292510	2925105
BA	29	25204	Pojuca	33608	33608	292520	2925204
BA	29	25253	Ponto Novo	18670	18670	292525	2925253
BA	29	25303	Porto Seguro	181007	181007	292530	2925303
BA	29	25402	Potiraguá	10636	10636	292540	2925402
BA	29	25501	Prado	37241	37241	292550	2925501
BA	29	25600	Presidente Dutra	15650	15650	292560	2925600
BA	29	25709	Presidente Jânio Quadros	12986	12986	292570	2925709
BA	29	25758	Presidente Tancredo Neves	29343	29343	292575	2925758
BA	29	25808	Queimadas	27362	27362	292580	2925808
BA	29	25907	Quijingue	26457	26457	292590	2925907
BA	29	25931	Quixabeira	9815	9815	292593	2925931
BA	29	25956	Rafael Jambeiro	20146	20146	292595	2925956
BA	29	26004	Remanso	42746	42746	292600	2926004
BA	29	26103	Retirolândia	14147	14147	292610	2926103
BA	29	26202	Riachão das Neves	22323	22323	292620	2926202
BA	29	26301	Riachão do Jacuípe	35118	35118	292630	2926301
BA	29	26400	Riacho de Santana	32103	32103	292640	2926400
BA	29	26509	Ribeira do Amparo	14525	14525	292650	2926509
BA	29	26608	Ribeira do Pombal	56170	56170	292660	2926608
BA	29	26657	Ribeirão do Largo	10039	10039	292665	2926657
BA	29	26707	Rio de Contas	13627	13627	292670	2926707
BA	29	26806	Rio do Antônio	13520	13520	292680	2926806
BA	29	26905	Rio do Pires	10801	10801	292690	2926905
BA	29	27002	Rio Real	36997	36997	292700	2927002
BA	29	27101	Rodelas	10801	10801	292710	2927101
BA	29	27200	Ruy Barbosa	29606	29606	292720	2927200
BA	29	27309	Salinas da Margarida	15568	15568	292730	2927309
BA	29	27408	Salvador	2568928	2568928	292740	2927408
BA	29	27507	Santa Bárbara	21723	21723	292750	2927507
BA	29	27606	Santa Brígida	15421	15421	292760	2927606
BA	29	27705	Santa Cruz Cabrália	30862	30862	292770	2927705
BA	29	27804	Santa Cruz da Vitória	4721	4721	292780	2927804
BA	29	27903	Santa Inês	10628	10628	292790	2927903
BA	29	28000	Santaluz	39922	39922	292800	2928000
BA	29	28059	Santa Luzia	14377	14377	292805	2928059
BA	29	28109	Santa Maria da Vitória	40467	40467	292810	2928109
BA	29	28208	Santana	25520	25520	292820	2928208
BA	29	28307	Santanópolis	9023	9023	292830	2928307
BA	29	28406	Santa Rita de Cássia	28826	28826	292840	2928406
BA	29	28505	Santa Terezinha	10847	10847	292850	2928505
BA	29	28604	Santo Amaro	58413	58413	292860	2928604
BA	29	28703	Santo Antônio de Jesus	109267	109267	292870	2928703
BA	29	28802	Santo Estêvão	54940	54940	292880	2928802
BA	29	28901	São Desidério	34783	34783	292890	2928901
BA	29	28950	São Domingos	8693	8693	292895	2928950
BA	29	29008	São Félix	11198	11198	292900	2929008
BA	29	29057	São Félix do Coribe	15740	15740	292905	2929057
BA	29	29107	São Felipe	20918	20918	292910	2929107
BA	29	29206	São Francisco do Conde	40932	40932	292920	2929206
BA	29	29255	São Gabriel	19210	19210	292925	2929255
BA	29	29305	São Gonçalo dos Campos	41909	41909	292930	2929305
BA	29	29354	São José da Vitória	5451	5451	292935	2929354
BA	29	29370	São José do Jacuípe	10556	10556	292937	2929370
BA	29	29404	São Miguel das Matas	10634	10634	292940	2929404
BA	29	29503	São Sebastião do Passé	42936	42936	292950	2929503
BA	29	29602	Sapeaçu	18609	18609	292960	2929602
BA	29	29701	Sátiro Dias	16485	16485	292970	2929701
BA	29	29750	Saubara	11842	11842	292975	2929750
BA	29	29800	Saúde	10715	10715	292980	2929800
BA	29	29909	Seabra	48530	48530	292990	2929909
BA	29	30006	Sebastião Laranjeiras	9610	9610	293000	2930006
BA	29	30105	Senhor do Bonfim	77976	77976	293010	2930105
BA	29	30154	Serra do Ramalho	36119	36119	293015	2930154
BA	29	30204	Sento Sé	40147	40147	293020	2930204
BA	29	30303	Serra Dourada	17580	17580	293030	2930303
BA	29	30402	Serra Preta	18685	18685	293040	2930402
BA	29	30501	Serrinha	84428	84428	293050	2930501
BA	29	30600	Serrolândia	13831	13831	293060	2930600
BA	29	30709	Simões Filho	120394	120394	293070	2930709
BA	29	30758	Sítio do Mato	13935	13935	293075	2930758
BA	29	30766	Sítio do Quinto	14359	14359	293076	2930766
BA	29	30774	Sobradinho	26959	26959	293077	2930774
BA	29	30808	Souto Soares	17674	17674	293080	2930808
BA	29	30907	Tabocas do Brejo Velho	12368	12368	293090	2930907
BA	29	31004	Tanhaçu	21741	21741	293100	2931004
BA	29	31053	Tanque Novo	17770	17770	293105	2931053
BA	29	31103	Tanquinho	7983	7983	293110	2931103
BA	29	31202	Taperoá	18571	18571	293120	2931202
BA	29	31301	Tapiramutá	16253	16253	293130	2931301
BA	29	31350	Teixeira de Freitas	153332	153332	293135	2931350
BA	29	31400	Teodoro Sampaio	7301	7301	293140	2931400
BA	29	31509	Teofilândia	21827	21827	293150	2931509
BA	29	31608	Teolândia	15919	15919	293160	2931608
BA	29	31707	Terra Nova	11035	11035	293170	2931707
BA	29	31806	Tremedal	16691	16691	293180	2931806
BA	29	31905	Tucano	50959	50959	293190	2931905
BA	29	32002	Uauá	25441	25441	293200	2932002
BA	29	32101	Ubaíra	19162	19162	293210	2932101
BA	29	32200	Ubaitaba	17967	17967	293220	2932200
BA	29	32309	Ubatã	16097	16097	293230	2932309
BA	29	32408	Uibaí	13880	13880	293240	2932408
BA	29	32457	Umburanas	13888	13888	293245	2932457
BA	29	32507	Una	18403	18403	293250	2932507
BA	29	32606	Urandi	15794	15794	293260	2932606
BA	29	32705	Uruçuca	22130	22130	293270	2932705
BA	29	32804	Utinga	16691	16691	293280	2932804
BA	29	32903	Valença	90028	90028	293290	2932903
BA	29	33000	Valente	25126	25126	293300	2933000
BA	29	33059	Várzea da Roça	14279	14279	293305	2933059
BA	29	33109	Várzea do Poço	8344	8344	293310	2933109
BA	29	33158	Várzea Nova	13847	13847	293315	2933158
BA	29	33174	Varzedo	10296	10296	293317	2933174
BA	29	33208	Vera Cruz	44978	44978	293320	2933208
BA	29	33257	Vereda	6171	6171	293325	2933257
BA	29	33307	Vitória da Conquista	394024	394024	293330	2933307
BA	29	33406	Wagner	9847	9847	293340	2933406
BA	29	33455	Wanderley	13436	13436	293345	2933455
BA	29	33505	Wenceslau Guimarães	25430	25430	293350	2933505
BA	29	33604	Xique-Xique	46979	46979	293360	2933604
MG	31	00104	Abadia dos Dourados	6365	6365	310010	3100104
MG	31	00203	Abaeté	23161	23161	310020	3100203
MG	31	00302	Abre Campo	14312	14312	310030	3100302
MG	31	00401	Acaiaca	3997	3997	310040	3100401
MG	31	00500	Açucena	8995	8995	310050	3100500
MG	31	00609	Água Boa	12545	12545	310060	3100609
MG	31	00708	Água Comprida	2165	2165	310070	3100708
MG	31	00807	Aguanil	4490	4490	310080	3100807
MG	31	00906	Águas Formosas	18841	18841	310090	3100906
MG	31	01003	Águas Vermelhas	14486	14486	310100	3101003
MG	31	01102	Aimorés	26165	26165	310110	3101102
MG	31	01201	Aiuruoca	6382	6382	310120	3101201
MG	31	01300	Alagoa	2816	2816	310130	3101300
MG	31	01409	Albertina	3023	3023	310140	3101409
MG	31	01508	Além Paraíba	31333	31333	310150	3101508
MG	31	01607	Alfenas	81950	81950	310160	3101607
MG	31	01631	Alfredo Vasconcelos	7184	7184	310163	3101631
MG	31	01706	Almenara	41894	41894	310170	3101706
MG	31	01805	Alpercata	7029	7029	310180	3101805
MG	31	01904	Alpinópolis	18672	18672	310190	3101904
MG	31	02001	Alterosa	14253	14253	310200	3102001
MG	31	02050	Alto Caparaó	5982	5982	310205	3102050
MG	31	02100	Alto Rio Doce	10994	10994	310210	3102100
MG	31	02209	Alvarenga	4012	4012	310220	3102209
MG	31	02308	Alvinópolis	15360	15360	310230	3102308
MG	31	02407	Alvorada de Minas	4322	4322	310240	3102407
MG	31	02506	Amparo do Serra	4595	4595	310250	3102506
MG	31	02605	Andradas	42282	42282	310260	3102605
MG	31	02704	Cachoeira de Pajeú	9333	9333	310270	3102704
MG	31	02803	Andrelândia	12169	12169	310280	3102803
MG	31	02852	Angelândia	7860	7860	310285	3102852
MG	31	02902	Antônio Carlos	11345	11345	310290	3102902
MG	31	03009	Antônio Dias	9388	9388	310300	3103009
MG	31	03108	Antônio Prado de Minas	1558	1558	310310	3103108
MG	31	03207	Araçaí	2224	2224	310320	3103207
MG	31	03306	Aracitaba	2095	2095	310330	3103306
MG	31	03405	Araçuaí	35250	35250	310340	3103405
MG	31	03504	Araguari	122874	122874	310350	3103504
MG	31	03603	Arantina	2991	2991	310360	3103603
MG	31	03702	Araponga	8218	8218	310370	3103702
MG	31	03751	Araporã	8935	8935	310375	3103751
MG	31	03801	Arapuá	2674	2674	310380	3103801
MG	31	03900	Araújos	9556	9556	310390	3103900
MG	31	04007	Araxá	117677	117677	310400	3104007
MG	31	04106	Arceburgo	9348	9348	310410	3104106
MG	31	04205	Arcos	43348	43348	310420	3104205
MG	31	04304	Areado	14212	14212	310430	3104304
MG	31	04403	Argirita	2725	2725	310440	3104403
MG	31	04452	Aricanduva	4820	4820	310445	3104452
MG	31	04502	Arinos	17598	17598	310450	3104502
MG	31	04601	Astolfo Dutra	14565	14565	310460	3104601
MG	31	04700	Ataléia	13967	13967	310470	3104700
MG	31	04809	Augusto de Lima	4593	4593	310480	3104809
MG	31	04908	Baependi	18768	18768	310490	3104908
MG	31	05004	Baldim	7614	7614	310500	3105004
MG	31	05103	Bambuí	24144	24144	310510	3105103
MG	31	05202	Bandeira	4821	4821	310520	3105202
MG	31	05301	Bandeira do Sul	6146	6146	310530	3105301
MG	31	05400	Barão de Cocais	32095	32095	310540	3105400
MG	31	05509	Barão de Monte Alto	4991	4991	310550	3105509
MG	31	05608	Barbacena	129630	129630	310560	3105608
MG	31	05707	Barra Longa	5740	5740	310570	3105707
MG	31	05905	Barroso	20566	20566	310590	3105905
MG	31	06002	Bela Vista de Minas	10412	10412	310600	3106002
MG	31	06101	Belmiro Braga	3299	3299	310610	3106101
MG	31	06200	Belo Horizonte	2416339	2416339	310620	3106200
MG	31	06309	Belo Oriente	24503	24503	310630	3106309
MG	31	06408	Belo Vale	8946	8946	310640	3106408
MG	31	06507	Berilo	9769	9769	310650	3106507
MG	31	06606	Bertópolis	4546	4546	310660	3106606
MG	31	06655	Berizal	4277	4277	310665	3106655
MG	31	06705	Betim	429236	429236	310670	3106705
MG	31	06804	Bias Fortes	3388	3388	310680	3106804
MG	31	06903	Bicas	14331	14331	310690	3106903
MG	31	07000	Biquinhas	2409	2409	310700	3107000
MG	31	07109	Boa Esperança	41332	41332	310710	3107109
MG	31	07208	Bocaina de Minas	5508	5508	310720	3107208
MG	31	07307	Bocaiúva	49668	49668	310730	3107307
MG	31	07406	Bom Despacho	53995	53995	310740	3107406
MG	31	07505	Bom Jardim de Minas	6968	6968	310750	3107505
MG	31	07604	Bom Jesus da Penha	4642	4642	310760	3107604
MG	31	07703	Bom Jesus do Amparo	5775	5775	310770	3107703
MG	31	07802	Bom Jesus do Galho	14756	14756	310780	3107802
MG	31	07901	Bom Repouso	13183	13183	310790	3107901
MG	31	08008	Bom Sucesso	17510	17510	310800	3108008
MG	31	08107	Bonfim	7672	7672	310810	3108107
MG	31	08206	Bonfinópolis de Minas	5615	5615	310820	3108206
MG	31	08255	Bonito de Minas	10491	10491	310825	3108255
MG	31	08305	Borda da Mata	17811	17811	310830	3108305
MG	31	08404	Botelhos	15137	15137	310840	3108404
MG	31	08503	Botumirim	5841	5841	310850	3108503
MG	31	08552	Brasilândia de Minas	15432	15432	310855	3108552
MG	31	08602	Brasília de Minas	33188	33188	310860	3108602
MG	31	08701	Brás Pires	4314	4314	310870	3108701
MG	31	08800	Braúnas	4475	4475	310880	3108800
MG	31	08909	Brazópolis	14506	14506	310890	3108909
MG	31	09006	Brumadinho	40777	40777	310900	3109006
MG	31	09105	Bueno Brandão	11161	11161	310910	3109105
MG	31	09204	Buenópolis	9229	9229	310920	3109204
MG	31	09253	Bugre	4149	4149	310925	3109253
MG	31	09303	Buritis	24693	24693	310930	3109303
MG	31	09402	Buritizeiro	24068	24068	310940	3109402
MG	31	09451	Cabeceira Grande	6797	6797	310945	3109451
MG	31	09501	Cabo Verde	11396	11396	310950	3109501
MG	31	09600	Cachoeira da Prata	3781	3781	310960	3109600
MG	31	09709	Cachoeira de Minas	12248	12248	310970	3109709
MG	31	09808	Cachoeira Dourada	2346	2346	310980	3109808
MG	31	09907	Caetanópolis	11832	11832	310990	3109907
MG	31	10004	Caeté	39850	39850	311000	3110004
MG	31	10103	Caiana	5463	5463	311010	3110103
MG	31	10202	Cajuri	4186	4186	311020	3110202
MG	31	10301	Caldas	14588	14588	311030	3110301
MG	31	10400	Camacho	2867	2867	311040	3110400
MG	31	10509	Camanducaia	27551	27551	311050	3110509
MG	31	10608	Cambuí	30870	30870	311060	3110608
MG	31	10707	Cambuquira	12560	12560	311070	3110707
MG	31	10806	Campanário	2917	2917	311080	3110806
MG	31	10905	Campanha	16334	16334	311090	3110905
MG	31	11002	Campestre	21143	21143	311100	3111002
MG	31	11101	Campina Verde	18250	18250	311110	3111101
MG	31	11150	Campo Azul	3802	3802	311115	3111150
MG	31	11200	Campo Belo	53943	53943	311120	3111200
MG	31	11309	Campo do Meio	11624	11624	311130	3111309
MG	31	11408	Campo Florido	8838	8838	311140	3111408
MG	31	11507	Campos Altos	13136	13136	311150	3111507
MG	31	11606	Campos Gerais	26809	26809	311160	3111606
MG	31	11705	Canaã	4832	4832	311170	3111705
MG	31	11804	Canápolis	10755	10755	311180	3111804
MG	31	11903	Cana Verde	5356	5356	311190	3111903
MG	31	12000	Candeias	14236	14236	311200	3112000
MG	31	12059	Cantagalo	4039	4039	311205	3112059
MG	31	12109	Caparaó	5144	5144	311210	3112109
MG	31	12208	Capela Nova	4416	4416	311220	3112208
MG	31	12307	Capelinha	41536	41536	311230	3112307
MG	31	12406	Capetinga	6652	6652	311240	3112406
MG	31	12505	Capim Branco	11105	11105	311250	3112505
MG	31	12604	Capinópolis	14899	14899	311260	3112604
MG	31	12653	Capitão Andrade	4650	4650	311265	3112653
MG	31	12703	Capitão Enéas	14401	14401	311270	3112703
MG	31	12802	Capitólio	10863	10863	311280	3112802
MG	31	12901	Caputira	9128	9128	311290	3112901
MG	31	13008	Caraí	19654	19654	311300	3113008
MG	31	13107	Caranaíba	2960	2960	311310	3113107
MG	31	13206	Carandaí	24368	24368	311320	3113206
MG	31	13305	Carangola	32165	32165	311330	3113305
MG	31	13404	Caratinga	90687	90687	311340	3113404
MG	31	13503	Carbonita	8633	8633	311350	3113503
MG	31	13602	Careaçu	7029	7029	311360	3113602
MG	31	13701	Carlos Chagas	18852	18852	311370	3113701
MG	31	13800	Carmésia	2682	2682	311380	3113800
MG	31	13909	Carmo da Cachoeira	11776	11776	311390	3113909
MG	31	14006	Carmo da Mata	11279	11279	311400	3114006
MG	31	14105	Carmo de Minas	14114	14114	311410	3114105
MG	31	14204	Carmo do Cajuru	24376	24376	311420	3114204
MG	31	14303	Carmo do Paranaíba	29899	29899	311430	3114303
MG	31	14402	Carmo do Rio Claro	21464	21464	311440	3114402
MG	31	14501	Carmópolis de Minas	18498	18498	311450	3114501
MG	31	14550	Carneirinho	9630	9630	311455	3114550
MG	31	14600	Carrancas	4153	4153	311460	3114600
MG	31	14709	Carvalhópolis	3417	3417	311470	3114709
MG	31	14808	Carvalhos	4507	4507	311480	3114808
MG	31	14907	Casa Grande	2260	2260	311490	3114907
MG	31	15003	Cascalho Rico	2757	2757	311500	3115003
MG	31	15102	Cássia	17495	17495	311510	3115102
MG	31	15201	Conceição da Barra de Minas	3596	3596	311520	3115201
MG	31	15300	Cataguases	67872	67872	311530	3115300
MG	31	15359	Catas Altas	5668	5668	311535	3115359
MG	31	15409	Catas Altas da Noruega	3141	3141	311540	3115409
MG	31	15458	Catuji	7226	7226	311545	3115458
MG	31	15474	Catuti	4805	4805	311547	3115474
MG	31	15508	Caxambu	21436	21436	311550	3115508
MG	31	15607	Cedro do Abaeté	1091	1091	311560	3115607
MG	31	15706	Central de Minas	6243	6243	311570	3115706
MG	31	15805	Centralina	10440	10440	311580	3115805
MG	31	15904	Chácara	3177	3177	311590	3115904
MG	31	16001	Chalé	6261	6261	311600	3116001
MG	31	16100	Chapada do Norte	10024	10024	311610	3116100
MG	31	16159	Chapada Gaúcha	12810	12810	311615	3116159
MG	31	16209	Chiador	2865	2865	311620	3116209
MG	31	16308	Cipotânea	5599	5599	311630	3116308
MG	31	16407	Claraval	4777	4777	311640	3116407
MG	31	16506	Claro dos Poções	7259	7259	311650	3116506
MG	31	16605	Cláudio	31665	31665	311660	3116605
MG	31	16704	Coimbra	7285	7285	311670	3116704
MG	31	16803	Coluna	8251	8251	311680	3116803
MG	31	16902	Comendador Gomes	2813	2813	311690	3116902
MG	31	17009	Comercinho	6627	6627	311700	3117009
MG	31	17108	Conceição da Aparecida	10668	10668	311710	3117108
MG	31	17207	Conceição das Pedras	2837	2837	311720	3117207
MG	31	17306	Conceição das Alagoas	29949	29949	311730	3117306
MG	31	17405	Conceição de Ipanema	4503	4503	311740	3117405
MG	31	17504	Conceição do Mato Dentro	24254	24254	311750	3117504
MG	31	17603	Conceição do Pará	5567	5567	311760	3117603
MG	31	17702	Conceição do Rio Verde	12780	12780	311770	3117702
MG	31	17801	Conceição dos Ouros	11183	11183	311780	3117801
MG	31	17836	Cônego Marinho	7420	7420	311783	3117836
MG	31	17876	Confins	7676	7676	311787	3117876
MG	31	17900	Congonhal	11403	11403	311790	3117900
MG	31	18007	Congonhas	54986	54986	311800	3118007
MG	31	18106	Congonhas do Norte	4927	4927	311810	3118106
MG	31	18205	Conquista	6864	6864	311820	3118205
MG	31	18304	Conselheiro Lafaiete	137980	137980	311830	3118304
MG	31	18403	Conselheiro Pena	21113	21113	311840	3118403
MG	31	18502	Consolação	1578	1578	311850	3118502
MG	31	18601	Contagem	649975	649975	311860	3118601
MG	31	18700	Coqueiral	9197	9197	311870	3118700
MG	31	18809	Coração de Jesus	26151	26151	311880	3118809
MG	31	18908	Cordisburgo	7592	7592	311890	3118908
MG	31	19005	Cordislândia	3247	3247	311900	3119005
MG	31	19104	Corinto	23996	23996	311910	3119104
MG	31	19203	Coroaci	11200	11200	311920	3119203
MG	31	19302	Coromandel	30013	30013	311930	3119302
MG	31	19401	Coronel Fabriciano	108551	108551	311940	3119401
MG	31	19500	Coronel Murta	8283	8283	311950	3119500
MG	31	19609	Coronel Pacheco	2799	2799	311960	3119609
MG	31	19708	Coronel Xavier Chaves	3586	3586	311970	3119708
MG	31	19807	Córrego Danta	2978	2978	311980	3119807
MG	31	19906	Córrego do Bom Jesus	4429	4429	311990	3119906
MG	31	19955	Córrego Fundo	6310	6310	311995	3119955
MG	31	20003	Córrego Novo	2912	2912	312000	3120003
MG	31	20102	Couto de Magalhães de Minas	4346	4346	312010	3120102
MG	31	20151	Crisólita	5296	5296	312015	3120151
MG	31	20201	Cristais	12576	12576	312020	3120201
MG	31	20300	Cristália	5165	5165	312030	3120300
MG	31	20409	Cristiano Otoni	4735	4735	312040	3120409
MG	31	20508	Cristina	10627	10627	312050	3120508
MG	31	20607	Crucilândia	5633	5633	312060	3120607
MG	31	20706	Cruzeiro da Fortaleza	3610	3610	312070	3120706
MG	31	20805	Cruzília	15779	15779	312080	3120805
MG	31	20839	Cuparaque	3994	3994	312083	3120839
MG	31	20870	Curral de Dentro	7630	7630	312087	3120870
MG	31	20904	Curvelo	83862	83862	312090	3120904
MG	31	21001	Datas	5618	5618	312100	3121001
MG	31	21100	Delfim Moreira	8130	8130	312110	3121100
MG	31	21209	Delfinópolis	8760	8760	312120	3121209
MG	31	21258	Delta	11003	11003	312125	3121258
MG	31	21308	Descoberto	5058	5058	312130	3121308
MG	31	21407	Desterro de Entre Rios	7900	7900	312140	3121407
MG	31	21506	Desterro do Melo	3059	3059	312150	3121506
MG	31	21605	Diamantina	49353	49353	312160	3121605
MG	31	21704	Diogo de Vasconcelos	3596	3596	312170	3121704
MG	31	21803	Dionísio	6789	6789	312180	3121803
MG	31	21902	Divinésia	4426	4426	312190	3121902
MG	31	22009	Divino	21329	21329	312200	3122009
MG	31	22108	Divino das Laranjeiras	4186	4186	312210	3122108
MG	31	22207	Divinolândia de Minas	6607	6607	312220	3122207
MG	31	22306	Divinópolis	242328	242328	312230	3122306
MG	31	22355	Divisa Alegre	6513	6513	312235	3122355
MG	31	22405	Divisa Nova	5993	5993	312240	3122405
MG	31	22454	Divisópolis	10585	10585	312245	3122454
MG	31	22470	Dom Bosco	3767	3767	312247	3122470
MG	31	22504	Dom Cavati	4981	4981	312250	3122504
MG	31	22603	Dom Joaquim	5051	5051	312260	3122603
MG	31	22702	Dom Silvério	5350	5350	312270	3122702
MG	31	22801	Dom Viçoso	3176	3176	312280	3122801
MG	31	22900	Dona Euzébia	6241	6241	312290	3122900
MG	31	23007	Dores de Campos	10313	10313	312300	3123007
MG	31	23106	Dores de Guanhães	5121	5121	312310	3123106
MG	31	23205	Dores do Indaiá	12786	12786	312320	3123205
MG	31	23304	Dores do Turvo	5159	5159	312330	3123304
MG	31	23403	Doresópolis	1496	1496	312340	3123403
MG	31	23502	Douradoquara	1869	1869	312350	3123502
MG	31	23528	Durandé	8038	8038	312352	3123528
MG	31	23601	Elói Mendes	27343	27343	312360	3123601
MG	31	23700	Engenheiro Caldas	14308	14308	312370	3123700
MG	31	23809	Engenheiro Navarro	6411	6411	312380	3123809
MG	31	23858	Entre Folhas	5293	5293	312385	3123858
MG	31	23908	Entre Rios de Minas	15120	15120	312390	3123908
MG	31	24005	Ervália	20951	20951	312400	3124005
MG	31	24104	Esmeraldas	91573	91573	312410	3124104
MG	31	24203	Espera Feliz	24761	24761	312420	3124203
MG	31	24302	Espinosa	31385	31385	312430	3124302
MG	31	24401	Espírito Santo do Dourado	7007	7007	312440	3124401
MG	31	24500	Estiva	11836	11836	312450	3124500
MG	31	24609	Estrela Dalva	2204	2204	312460	3124609
MG	31	24708	Estrela do Indaiá	2750	2750	312470	3124708
MG	31	24807	Estrela do Sul	6926	6926	312480	3124807
MG	31	24906	Eugenópolis	11075	11075	312490	3124906
MG	31	25002	Ewbank da Câmara	3977	3977	312500	3125002
MG	31	25101	Extrema	57913	57913	312510	3125101
MG	31	25200	Fama	2662	2662	312520	3125200
MG	31	25309	Faria Lemos	3239	3239	312530	3125309
MG	31	25408	Felício dos Santos	5248	5248	312540	3125408
MG	31	25507	São Gonçalo do Rio Preto	3098	3098	312550	3125507
MG	31	25606	Felisburgo	6592	6592	312560	3125606
MG	31	25705	Felixlândia	14279	14279	312570	3125705
MG	31	25804	Fernandes Tourinho	2825	2825	312580	3125804
MG	31	25903	Ferros	9666	9666	312590	3125903
MG	31	25952	Fervedouro	10693	10693	312595	3125952
MG	31	26000	Florestal	8386	8386	312600	3126000
MG	31	26109	Formiga	70668	70668	312610	3126109
MG	31	26208	Formoso	8103	8103	312620	3126208
MG	31	26307	Fortaleza de Minas	3485	3485	312630	3126307
MG	31	26406	Fortuna de Minas	3207	3207	312640	3126406
MG	31	26505	Francisco Badaró	7208	7208	312650	3126505
MG	31	26604	Francisco Dumont	4564	4564	312660	3126604
MG	31	26703	Francisco Sá	23819	23819	312670	3126703
MG	31	26752	Franciscópolis	5062	5062	312675	3126752
MG	31	26802	Frei Gaspar	5741	5741	312680	3126802
MG	31	26901	Frei Inocêncio	8334	8334	312690	3126901
MG	31	26950	Frei Lagonegro	3475	3475	312695	3126950
MG	31	27008	Fronteira	14909	14909	312700	3127008
MG	31	27057	Fronteira dos Vales	4405	4405	312705	3127057
MG	31	27073	Fruta de Leite	4607	4607	312707	3127073
MG	31	27107	Frutal	60942	60942	312710	3127107
MG	31	27206	Funilândia	4886	4886	312720	3127206
MG	31	27305	Galiléia	6281	6281	312730	3127305
MG	31	27339	Gameleiras	4863	4863	312733	3127339
MG	31	27354	Glaucilândia	2991	2991	312735	3127354
MG	31	27370	Goiabeira	2869	2869	312737	3127370
MG	31	27388	Goianá	4190	4190	312738	3127388
MG	31	27404	Gonçalves	4891	4891	312740	3127404
MG	31	27503	Gonzaga	5271	5271	312750	3127503
MG	31	27602	Gouveia	11549	11549	312760	3127602
MG	31	27701	Governador Valadares	266649	266649	312770	3127701
MG	31	27800	Grão Mogol	14091	14091	312780	3127800
MG	31	27909	Grupiara	1426	1426	312790	3127909
MG	31	28006	Guanhães	33434	33434	312800	3128006
MG	31	28105	Guapé	14073	14073	312810	3128105
MG	31	28204	Guaraciaba	9921	9921	312820	3128204
MG	31	28253	Guaraciama	5203	5203	312825	3128253
MG	31	28303	Guaranésia	19611	19611	312830	3128303
MG	31	28402	Guarani	7780	7780	312840	3128402
MG	31	28501	Guarará	3132	3132	312850	3128501
MG	31	28600	Guarda-Mor	6684	6684	312860	3128600
MG	31	28709	Guaxupé	52621	52621	312870	3128709
MG	31	28808	Guidoval	7284	7284	312880	3128808
MG	31	28907	Guimarânia	8808	8808	312890	3128907
MG	31	29004	Guiricema	7850	7850	312900	3129004
MG	31	29103	Gurinhatã	5203	5203	312910	3129103
MG	31	29202	Heliodora	6274	6274	312920	3129202
MG	31	29301	Iapu	12486	12486	312930	3129301
MG	31	29400	Ibertioga	5334	5334	312940	3129400
MG	31	29509	Ibiá	22596	22596	312950	3129509
MG	31	29608	Ibiaí	6254	6254	312960	3129608
MG	31	29657	Ibiracatu	5139	5139	312965	3129657
MG	31	29707	Ibiraci	11057	11057	312970	3129707
MG	31	29806	Ibirité	178713	178713	312980	3129806
MG	31	29905	Ibitiúra de Minas	3439	3439	312990	3129905
MG	31	30002	Ibituruna	2740	2740	313000	3130002
MG	31	30051	Icaraí de Minas	10912	10912	313005	3130051
MG	31	30101	Igarapé	48475	48475	313010	3130101
MG	31	30200	Igaratinga	11252	11252	313020	3130200
MG	31	30309	Iguatama	6845	6845	313030	3130309
MG	31	30408	Ijaci	7291	7291	313040	3130408
MG	31	30507	Ilicínea	13171	13171	313050	3130507
MG	31	30556	Imbé de Minas	7208	7208	313055	3130556
MG	31	30606	Inconfidentes	7510	7510	313060	3130606
MG	31	30655	Indaiabira	6379	6379	313065	3130655
MG	31	30705	Indianópolis	6309	6309	313070	3130705
MG	31	30804	Ingaí	2633	2633	313080	3130804
MG	31	30903	Inhapim	23000	23000	313090	3130903
MG	31	31000	Inhaúma	6435	6435	313100	3131000
MG	31	31109	Inimutaba	7587	7587	313110	3131109
MG	31	31158	Ipaba	17554	17554	313115	3131158
MG	31	31208	Ipanema	20095	20095	313120	3131208
MG	31	31307	Ipatinga	235445	235445	313130	3131307
MG	31	31406	Ipiaçu	3823	3823	313140	3131406
MG	31	31505	Ipuiúna	9299	9299	313150	3131505
MG	31	31604	Iraí de Minas	7423	7423	313160	3131604
MG	31	31703	Itabira	117747	117747	313170	3131703
MG	31	31802	Itabirinha	10560	10560	313180	3131802
MG	31	31901	Itabirito	55877	55877	313190	3131901
MG	31	32008	Itacambira	4265	4265	313200	3132008
MG	31	32107	Itacarambi	17521	17521	313210	3132107
MG	31	32206	Itaguara	14325	14325	313220	3132206
MG	31	32305	Itaipé	10549	10549	313230	3132305
MG	31	32404	Itajubá	96632	96632	313240	3132404
MG	31	32503	Itamarandiba	34137	34137	313250	3132503
MG	31	32602	Itamarati de Minas	3730	3730	313260	3132602
MG	31	32701	Itambacuri	21296	21296	313270	3132701
MG	31	32800	Itambé do Mato Dentro	2175	2175	313280	3132800
MG	31	32909	Itamogi	11062	11062	313290	3132909
MG	31	33006	Itamonte	15193	15193	313300	3133006
MG	31	33105	Itanhandu	15684	15684	313310	3133105
MG	31	33204	Itanhomi	11298	11298	313320	3133204
MG	31	33303	Itaobim	19354	19354	313330	3133303
MG	31	33402	Itapagipe	14004	14004	313340	3133402
MG	31	33501	Itapecerica	21462	21462	313350	3133501
MG	31	33600	Itapeva	13332	13332	313360	3133600
MG	31	33709	Itatiaiuçu	13603	13603	313370	3133709
MG	31	33758	Itaú de Minas	14655	14655	313375	3133758
MG	31	33808	Itaúna	102500	102500	313380	3133808
MG	31	33907	Itaverava	5752	5752	313390	3133907
MG	31	34004	Itinga	13982	13982	313400	3134004
MG	31	34103	Itueta	6218	6218	313410	3134103
MG	31	34202	Ituiutaba	106397	106397	313420	3134202
MG	31	34301	Itumirim	6845	6845	313430	3134301
MG	31	34400	Iturama	40011	40011	313440	3134400
MG	31	34509	Itutinga	4347	4347	313450	3134509
MG	31	34608	Jaboticatubas	21214	21214	313460	3134608
MG	31	34707	Jacinto	11169	11169	313470	3134707
MG	31	34806	Jacuí	7663	7663	313480	3134806
MG	31	34905	Jacutinga	26705	26705	313490	3134905
MG	31	35001	Jaguaraçu	3173	3173	313500	3135001
MG	31	35050	Jaíba	39379	39379	313505	3135050
MG	31	35076	Jampruca	4306	4306	313507	3135076
MG	31	35100	Janaúba	73281	73281	313510	3135100
MG	31	35209	Januária	67087	67087	313520	3135209
MG	31	35308	Japaraíba	4672	4672	313530	3135308
MG	31	35357	Japonvar	8357	8357	313535	3135357
MG	31	35407	Jeceaba	6428	6428	313540	3135407
MG	31	35456	Jenipapo de Minas	6124	6124	313545	3135456
MG	31	35506	Jequeri	12652	12652	313550	3135506
MG	31	35605	Jequitaí	6460	6460	313560	3135605
MG	31	35704	Jequitibá	6098	6098	313570	3135704
MG	31	35803	Jequitinhonha	24509	24509	313580	3135803
MG	31	35902	Jesuânia	5296	5296	313590	3135902
MG	31	36009	Joaíma	14084	14084	313600	3136009
MG	31	36108	Joanésia	4304	4304	313610	3136108
MG	31	36207	João Monlevade	83360	83360	313620	3136207
MG	31	36306	João Pinheiro	48532	48532	313630	3136306
MG	31	36405	Joaquim Felício	3891	3891	313640	3136405
MG	31	36504	Jordânia	10536	10536	313650	3136504
MG	31	36520	José Gonçalves de Minas	3993	3993	313652	3136520
MG	31	36553	José Raydan	4352	4352	313655	3136553
MG	31	36579	Josenópolis	3607	3607	313657	3136579
MG	31	36603	Nova União	6083	6083	313660	3136603
MG	31	36652	Juatuba	32726	32726	313665	3136652
MG	31	36702	Juiz de Fora	565764	565764	313670	3136702
MG	31	36801	Juramento	3815	3815	313680	3136801
MG	31	36900	Juruaia	11543	11543	313690	3136900
MG	31	36959	Juvenília	5929	5929	313695	3136959
MG	31	37007	Ladainha	14399	14399	313700	3137007
MG	31	37106	Lagamar	6672	6672	313710	3137106
MG	31	37205	Lagoa da Prata	53583	53583	313720	3137205
MG	31	37304	Lagoa dos Patos	3285	3285	313730	3137304
MG	31	37403	Lagoa Dourada	13116	13116	313740	3137403
MG	31	37502	Lagoa Formosa	19507	19507	313750	3137502
MG	31	37536	Lagoa Grande	9210	9210	313753	3137536
MG	31	37601	Lagoa Santa	79981	79981	313760	3137601
MG	31	37700	Lajinha	21422	21422	313770	3137700
MG	31	37809	Lambari	20950	20950	313780	3137809
MG	31	37908	Lamim	3226	3226	313790	3137908
MG	31	38005	Laranjal	6042	6042	313800	3138005
MG	31	38104	Lassance	7358	7358	313810	3138104
MG	31	38203	Lavras	109884	109884	313820	3138203
MG	31	38302	Leandro Ferreira	3270	3270	313830	3138302
MG	31	38351	Leme do Prado	4387	4387	313835	3138351
MG	31	38401	Leopoldina	52696	52696	313840	3138401
MG	31	38500	Liberdade	4775	4775	313850	3138500
MG	31	38609	Lima Duarte	17712	17712	313860	3138609
MG	31	38625	Limeira do Oeste	9087	9087	313862	3138625
MG	31	38658	Lontra	8968	8968	313865	3138658
MG	31	38674	Luisburgo	7195	7195	313867	3138674
MG	31	38682	Luislândia	6329	6329	313868	3138682
MG	31	38708	Luminárias	5731	5731	313870	3138708
MG	31	38807	Luz	18304	18304	313880	3138807
MG	31	38906	Machacalis	6579	6579	313890	3138906
MG	31	39003	Machado	38831	38831	313900	3139003
MG	31	39102	Madre de Deus de Minas	5341	5341	313910	3139102
MG	31	39201	Malacacheta	17751	17751	313920	3139201
MG	31	39250	Mamonas	6096	6096	313925	3139250
MG	31	39300	Manga	19188	19188	313930	3139300
MG	31	39409	Manhuaçu	96545	96545	313940	3139409
MG	31	39508	Manhumirim	20970	20970	313950	3139508
MG	31	39607	Mantena	27358	27358	313960	3139607
MG	31	39706	Maravilhas	7518	7518	313970	3139706
MG	31	39805	Mar de Espanha	13119	13119	313980	3139805
MG	31	39904	Maria da Fé	14557	14557	313990	3139904
MG	31	40001	Mariana	64058	64058	314000	3140001
MG	31	40100	Marilac	4320	4320	314010	3140100
MG	31	40159	Mário Campos	16546	16546	314015	3140159
MG	31	40209	Maripá de Minas	3532	3532	314020	3140209
MG	31	40308	Marliéria	4761	4761	314030	3140308
MG	31	40407	Marmelópolis	3299	3299	314040	3140407
MG	31	40506	Martinho Campos	14461	14461	314050	3140506
MG	31	40530	Martins Soares	8725	8725	314053	3140530
MG	31	40555	Mata Verde	9458	9458	314055	3140555
MG	31	40605	Materlândia	3982	3982	314060	3140605
MG	31	40704	Mateus Leme	40239	40239	314070	3140704
MG	31	40803	Matias Barbosa	14501	14501	314080	3140803
MG	31	40852	Matias Cardoso	8975	8975	314085	3140852
MG	31	40902	Matipó	19054	19054	314090	3140902
MG	31	41009	Mato Verde	12238	12238	314100	3141009
MG	31	41108	Matozinhos	39291	39291	314110	3141108
MG	31	41207	Matutina	3907	3907	314120	3141207
MG	31	41306	Medeiros	4040	4040	314130	3141306
MG	31	41405	Medina	20492	20492	314140	3141405
MG	31	41504	Mendes Pimentel	5651	5651	314150	3141504
MG	31	41603	Mercês	10609	10609	314160	3141603
MG	31	41702	Mesquita	5038	5038	314170	3141702
MG	31	41801	Minas Novas	24191	24191	314180	3141801
MG	31	41900	Minduri	3815	3815	314190	3141900
MG	31	42007	Mirabela	14029	14029	314200	3142007
MG	31	42106	Miradouro	9026	9026	314210	3142106
MG	31	42205	Miraí	13922	13922	314220	3142205
MG	31	42254	Miravânia	4011	4011	314225	3142254
MG	31	42304	Moeda	5291	5291	314230	3142304
MG	31	42403	Moema	7778	7778	314240	3142403
MG	31	42502	Monjolos	2196	2196	314250	3142502
MG	31	42601	Monsenhor Paulo	8550	8550	314260	3142601
MG	31	42700	Montalvânia	14160	14160	314270	3142700
MG	31	42809	Monte Alegre de Minas	20666	20666	314280	3142809
MG	31	42908	Monte Azul	20577	20577	314290	3142908
MG	31	43005	Monte Belo	13340	13340	314300	3143005
MG	31	43104	Monte Carmelo	49354	49354	314310	3143104
MG	31	43153	Monte Formoso	4449	4449	314315	3143153
MG	31	43203	Monte Santo de Minas	21301	21301	314320	3143203
MG	31	43302	Montes Claros	434321	434321	314330	3143302
MG	31	43401	Monte Sião	24933	24933	314340	3143401
MG	31	43450	Montezuma	6979	6979	314345	3143450
MG	31	43500	Morada Nova de Minas	9364	9364	314350	3143500
MG	31	43609	Morro da Garça	2438	2438	314360	3143609
MG	31	43708	Morro do Pilar	3174	3174	314370	3143708
MG	31	43807	Munhoz	7857	7857	314380	3143807
MG	31	43906	Muriaé	108161	108161	314390	3143906
MG	31	44003	Mutum	28670	28670	314400	3144003
MG	31	44102	Muzambinho	22527	22527	314410	3144102
MG	31	44201	Nacip Raydan	2437	2437	314420	3144201
MG	31	44300	Nanuque	35554	35554	314430	3144300
MG	31	44359	Naque	6442	6442	314435	3144359
MG	31	44375	Natalândia	3626	3626	314437	3144375
MG	31	44409	Natércia	4800	4800	314440	3144409
MG	31	44508	Nazareno	8390	8390	314450	3144508
MG	31	44607	Nepomuceno	25774	25774	314460	3144607
MG	31	44656	Ninheira	10915	10915	314465	3144656
MG	31	44672	Nova Belém	3156	3156	314467	3144672
MG	31	44706	Nova Era	17807	17807	314470	3144706
MG	31	44805	Nova Lima	119142	119142	314480	3144805
MG	31	44904	Nova Módica	3731	3731	314490	3144904
MG	31	45000	Nova Ponte	15113	15113	314500	3145000
MG	31	45059	Nova Porteirinha	6780	6780	314505	3145059
MG	31	45109	Nova Resende	16854	16854	314510	3145109
MG	31	45208	Nova Serrana	112910	112910	314520	3145208
MG	31	45307	Novo Cruzeiro	27453	27453	314530	3145307
MG	31	45356	Novo Oriente de Minas	10501	10501	314535	3145356
MG	31	45372	Novorizonte	4630	4630	314537	3145372
MG	31	45406	Olaria	1986	1986	314540	3145406
MG	31	45455	Olhos-d'Água	5520	5520	314545	3145455
MG	31	45505	Olímpio Noronha	2616	2616	314550	3145505
MG	31	45604	Oliveira	40552	40552	314560	3145604
MG	31	45703	Oliveira Fortes	2062	2062	314570	3145703
MG	31	45802	Onça de Pitangui	3027	3027	314580	3145802
MG	31	45851	Oratórios	5076	5076	314585	3145851
MG	31	45877	Orizânia	8759	8759	314587	3145877
MG	31	45901	Ouro Branco	40411	40411	314590	3145901
MG	31	46008	Ouro Fino	33227	33227	314600	3146008
MG	31	46107	Ouro Preto	77601	77601	314610	3146107
MG	31	46206	Ouro Verde de Minas	5858	5858	314620	3146206
MG	31	46255	Padre Carvalho	5085	5085	314625	3146255
MG	31	46305	Padre Paraíso	17537	17537	314630	3146305
MG	31	46404	Paineiras	4273	4273	314640	3146404
MG	31	46503	Pains	8341	8341	314650	3146503
MG	31	46552	Pai Pedro	5634	5634	314655	3146552
MG	31	46602	Paiva	1498	1498	314660	3146602
MG	31	46701	Palma	5742	5742	314670	3146701
MG	31	46750	Palmópolis	6373	6373	314675	3146750
MG	31	46909	Papagaios	14207	14207	314690	3146909
MG	31	47006	Paracatu	98397	98397	314700	3147006
MG	31	47105	Pará de Minas	102033	102033	314710	3147105
MG	31	47204	Paraguaçu	22357	22357	314720	3147204
MG	31	47303	Paraisópolis	21005	21005	314730	3147303
MG	31	47402	Paraopeba	24800	24800	314740	3147402
MG	31	47501	Passabém	1617	1617	314750	3147501
MG	31	47600	Passa Quatro	15842	15842	314760	3147600
MG	31	47709	Passa Tempo	8696	8696	314770	3147709
MG	31	47808	Passa Vinte	2301	2301	314780	3147808
MG	31	47907	Passos	116530	116530	314790	3147907
MG	31	47956	Patis	4863	4863	314795	3147956
MG	31	48004	Patos de Minas	167870	167870	314800	3148004
MG	31	48103	Patrocínio	93852	93852	314810	3148103
MG	31	48202	Patrocínio do Muriaé	5735	5735	314820	3148202
MG	31	48301	Paula Cândido	8786	8786	314830	3148301
MG	31	48400	Paulistas	4429	4429	314840	3148400
MG	31	48509	Pavão	8168	8168	314850	3148509
MG	31	48608	Peçanha	17843	17843	314860	3148608
MG	31	48707	Pedra Azul	24999	24999	314870	3148707
MG	31	48756	Pedra Bonita	7559	7559	314875	3148756
MG	31	48806	Pedra do Anta	3371	3371	314880	3148806
MG	31	48905	Pedra do Indaiá	4232	4232	314890	3148905
MG	31	49002	Pedra Dourada	2883	2883	314900	3149002
MG	31	49101	Pedralva	10924	10924	314910	3149101
MG	31	49150	Pedras de Maria da Cruz	10619	10619	314915	3149150
MG	31	49200	Pedrinópolis	3404	3404	314920	3149200
MG	31	49309	Pedro Leopoldo	64910	64910	314930	3149309
MG	31	49408	Pedro Teixeira	1854	1854	314940	3149408
MG	31	49507	Pequeri	3448	3448	314950	3149507
MG	31	49606	Pequi	4258	4258	314960	3149606
MG	31	49705	Perdigão	12925	12925	314970	3149705
MG	31	49804	Perdizes	17830	17830	314980	3149804
MG	31	49903	Perdões	21991	21991	314990	3149903
MG	31	49952	Periquito	6647	6647	314995	3149952
MG	31	50000	Pescador	3587	3587	315000	3150000
MG	31	50109	Piau	2854	2854	315010	3150109
MG	31	50158	Piedade de Caratinga	8883	8883	315015	3150158
MG	31	50208	Piedade de Ponte Nova	4056	4056	315020	3150208
MG	31	50307	Piedade do Rio Grande	4697	4697	315030	3150307
MG	31	50406	Piedade dos Gerais	5175	5175	315040	3150406
MG	31	50505	Pimenta	8794	8794	315050	3150505
MG	31	50539	Pingo-d'Água	4845	4845	315053	3150539
MG	31	50570	Pintópolis	7231	7231	315057	3150570
MG	31	50604	Piracema	6884	6884	315060	3150604
MG	31	50703	Pirajuba	5762	5762	315070	3150703
MG	31	50802	Piranga	17360	17360	315080	3150802
MG	31	50901	Piranguçu	6271	6271	315090	3150901
MG	31	51008	Piranguinho	9451	9451	315100	3151008
MG	31	51107	Pirapetinga	11408	11408	315110	3151107
MG	31	51206	Pirapora	57543	57543	315120	3151206
MG	31	51305	Piraúba	11958	11958	315130	3151305
MG	31	51404	Pitangui	27734	27734	315140	3151404
MG	31	51503	Piumhi	37742	37742	315150	3151503
MG	31	51602	Planura	11484	11484	315160	3151602
MG	31	51701	Poço Fundo	16791	16791	315170	3151701
MG	31	51800	Poços de Caldas	171533	171533	315180	3151800
MG	31	51909	Pocrane	8468	8468	315190	3151909
MG	31	52006	Pompéu	32305	32305	315200	3152006
MG	31	52105	Ponte Nova	59569	59569	315210	3152105
MG	31	52131	Ponto Chique	3807	3807	315213	3152131
MG	31	52170	Ponto dos Volantes	11077	11077	315217	3152170
MG	31	52204	Porteirinha	38668	38668	315220	3152204
MG	31	52303	Porto Firme	10825	10825	315230	3152303
MG	31	52402	Poté	13751	13751	315240	3152402
MG	31	52501	Pouso Alegre	160751	160751	315250	3152501
MG	31	52600	Pouso Alto	6755	6755	315260	3152600
MG	31	52709	Prados	9327	9327	315270	3152709
MG	31	52808	Prata	29578	29578	315280	3152808
MG	31	52907	Pratápolis	8551	8551	315290	3152907
MG	31	53004	Pratinha	3673	3673	315300	3153004
MG	31	53103	Presidente Bernardes	4883	4883	315310	3153103
MG	31	53202	Presidente Juscelino	3493	3493	315320	3153202
MG	31	53301	Presidente Kubitschek	3154	3154	315330	3153301
MG	31	53400	Presidente Olegário	19177	19177	315340	3153400
MG	31	53509	Alto Jequitibá	8596	8596	315350	3153509
MG	31	53608	Prudente de Morais	11940	11940	315360	3153608
MG	31	53707	Quartel Geral	3237	3237	315370	3153707
MG	31	53806	Queluzito	1800	1800	315380	3153806
MG	31	53905	Raposos	16735	16735	315390	3153905
MG	31	54002	Raul Soares	23882	23882	315400	3154002
MG	31	54101	Recreio	11337	11337	315410	3154101
MG	31	54150	Reduto	8170	8170	315415	3154150
MG	31	54200	Resende Costa	11520	11520	315420	3154200
MG	31	54309	Resplendor	17612	17612	315430	3154309
MG	31	54408	Ressaquinha	4641	4641	315440	3154408
MG	31	54457	Riachinho	6890	6890	315445	3154457
MG	31	54507	Riacho dos Machados	8886	8886	315450	3154507
MG	31	54606	Ribeirão das Neves	344828	344828	315460	3154606
MG	31	54705	Ribeirão Vermelho	4201	4201	315470	3154705
MG	31	54804	Rio Acima	10626	10626	315480	3154804
MG	31	54903	Rio Casca	12921	12921	315490	3154903
MG	31	55009	Rio Doce	2542	2542	315500	3155009
MG	31	55108	Rio do Prado	4679	4679	315510	3155108
MG	31	55207	Rio Espera	5479	5479	315520	3155207
MG	31	55306	Rio Manso	5727	5727	315530	3155306
MG	31	55405	Rio Novo	8689	8689	315540	3155405
MG	31	55504	Rio Paranaíba	15143	15143	315550	3155504
MG	31	55603	Rio Pardo de Minas	29123	29123	315560	3155603
MG	31	55702	Rio Piracicaba	15001	15001	315570	3155702
MG	31	55801	Rio Pomba	17856	17856	315580	3155801
MG	31	55900	Rio Preto	5240	5240	315590	3155900
MG	31	56007	Rio Vermelho	12815	12815	315600	3156007
MG	31	56106	Ritápolis	5115	5115	315610	3156106
MG	31	56205	Rochedo de Minas	2363	2363	315620	3156205
MG	31	56304	Rodeiro	9064	9064	315630	3156304
MG	31	56403	Romaria	3440	3440	315640	3156403
MG	31	56452	Rosário da Limeira	4896	4896	315645	3156452
MG	31	56502	Rubelita	5572	5572	315650	3156502
MG	31	56601	Rubim	10575	10575	315660	3156601
MG	31	56700	Sabará	134286	134286	315670	3156700
MG	31	56809	Sabinópolis	14382	14382	315680	3156809
MG	31	56908	Sacramento	27891	27891	315690	3156908
MG	31	57005	Salinas	41641	41641	315700	3157005
MG	31	57104	Salto da Divisa	6164	6164	315710	3157104
MG	31	57203	Santa Bárbara	31756	31756	315720	3157203
MG	31	57252	Santa Bárbara do Leste	8737	8737	315725	3157252
MG	31	57278	Santa Bárbara do Monte Verde	3199	3199	315727	3157278
MG	31	57302	Santa Bárbara do Tugúrio	4262	4262	315730	3157302
MG	31	57336	Santa Cruz de Minas	8321	8321	315733	3157336
MG	31	57377	Santa Cruz de Salinas	3944	3944	315737	3157377
MG	31	57401	Santa Cruz do Escalvado	4743	4743	315740	3157401
MG	31	57500	Santa Efigênia de Minas	4067	4067	315750	3157500
MG	31	57609	Santa Fé de Minas	3551	3551	315760	3157609
MG	31	57658	Santa Helena de Minas	6059	6059	315765	3157658
MG	31	57708	Santa Juliana	16568	16568	315770	3157708
MG	31	57807	Santa Luzia	229483	229483	315780	3157807
MG	31	57906	Santa Margarida	16903	16903	315790	3157906
MG	31	58003	Santa Maria de Itabira	10716	10716	315800	3158003
MG	31	58102	Santa Maria do Salto	4803	4803	315810	3158102
MG	31	58201	Santa Maria do Suaçuí	12898	12898	315820	3158201
MG	31	58300	Santana da Vargem	6781	6781	315830	3158300
MG	31	58409	Santana de Cataguases	3553	3553	315840	3158409
MG	31	58508	Santana de Pirapama	7079	7079	315850	3158508
MG	31	58607	Santana do Deserto	3819	3819	315860	3158607
MG	31	58706	Santana do Garambéu	2175	2175	315870	3158706
MG	31	58805	Santana do Jacaré	4265	4265	315880	3158805
MG	31	58904	Santana do Manhuaçu	9236	9236	315890	3158904
MG	31	58953	Santana do Paraíso	48286	48286	315895	3158953
MG	31	59001	Santana do Riacho	5579	5579	315900	3159001
MG	31	59100	Santana dos Montes	3507	3507	315910	3159100
MG	31	59209	Santa Rita de Caldas	8588	8588	315920	3159209
MG	31	59308	Santa Rita de Jacutinga	4836	4836	315930	3159308
MG	31	59357	Santa Rita de Minas	6952	6952	315935	3159357
MG	31	59407	Santa Rita de Ibitipoca	3344	3344	315940	3159407
MG	31	59506	Santa Rita do Itueto	5973	5973	315950	3159506
MG	31	59605	Santa Rita do Sapucaí	42320	42320	315960	3159605
MG	31	59704	Santa Rosa da Serra	3476	3476	315970	3159704
MG	31	59803	Santa Vitória	21745	21745	315980	3159803
MG	31	59902	Santo Antônio do Amparo	17651	17651	315990	3159902
MG	31	60009	Santo Antônio do Aventureiro	3881	3881	316000	3160009
MG	31	60108	Santo Antônio do Grama	4342	4342	316010	3160108
MG	31	60207	Santo Antônio do Itambé	3979	3979	316020	3160207
MG	31	60306	Santo Antônio do Jacinto	10397	10397	316030	3160306
MG	31	60405	Santo Antônio do Monte	28358	28358	316040	3160405
MG	31	60454	Santo Antônio do Retiro	6743	6743	316045	3160454
MG	31	60504	Santo Antônio do Rio Abaixo	1853	1853	316050	3160504
MG	31	60603	Santo Hipólito	2720	2720	316060	3160603
MG	31	60702	Santos Dumont	43392	43392	316070	3160702
MG	31	60801	São Bento Abade	4835	4835	316080	3160801
MG	31	60900	São Brás do Suaçuí	4133	4133	316090	3160900
MG	31	60959	São Domingos das Dores	5778	5778	316095	3160959
MG	31	61007	São Domingos do Prata	17771	17771	316100	3161007
MG	31	61056	São Félix de Minas	3252	3252	316105	3161056
MG	31	61106	São Francisco	54239	54239	316110	3161106
MG	31	61205	São Francisco de Paula	6293	6293	316120	3161205
MG	31	61304	São Francisco de Sales	5857	5857	316130	3161304
MG	31	61403	São Francisco do Glória	4866	4866	316140	3161403
MG	31	61502	São Geraldo	10517	10517	316150	3161502
MG	31	61601	São Geraldo da Piedade	3258	3258	316160	3161601
MG	31	61650	São Geraldo do Baixio	3175	3175	316165	3161650
MG	31	61700	São Gonçalo do Abaeté	7521	7521	316170	3161700
MG	31	61809	São Gonçalo do Pará	12192	12192	316180	3161809
MG	31	61908	São Gonçalo do Rio Abaixo	12353	12353	316190	3161908
MG	31	62005	São Gonçalo do Sapucaí	24480	24480	316200	3162005
MG	31	62104	São Gotardo	43309	43309	316210	3162104
MG	31	62203	São João Batista do Glória	7912	7912	316220	3162203
MG	31	62252	São João da Lagoa	4950	4950	316225	3162252
MG	31	62302	São João da Mata	3000	3000	316230	3162302
MG	31	62401	São João da Ponte	24269	24269	316240	3162401
MG	31	62450	São João das Missões	13467	13467	316245	3162450
MG	31	62500	São João del Rei	94062	94062	316250	3162500
MG	31	62559	São João do Manhuaçu	11614	11614	316255	3162559
MG	31	62575	São João do Manteninha	5468	5468	316257	3162575
MG	31	62609	São João do Oriente	7139	7139	316260	3162609
MG	31	62658	São João do Pacuí	4052	4052	316265	3162658
MG	31	62708	São João do Paraíso	24604	24604	316270	3162708
MG	31	62807	São João Evangelista	15617	15617	316280	3162807
MG	31	62906	São João Nepomuceno	26478	26478	316290	3162906
MG	31	62922	São Joaquim de Bicas	36496	36496	316292	3162922
MG	31	62948	São José da Barra	8084	8084	316294	3162948
MG	31	62955	São José da Lapa	27710	27710	316295	3162955
MG	31	63003	São José da Safira	3861	3861	316300	3163003
MG	31	63102	São José da Varginha	4677	4677	316310	3163102
MG	31	63201	São José do Alegre	4242	4242	316320	3163201
MG	31	63300	São José do Divino	3501	3501	316330	3163300
MG	31	63409	São José do Goiabal	5492	5492	316340	3163409
MG	31	63508	São José do Jacuri	6298	6298	316350	3163508
MG	31	63607	São José do Mantimento	2834	2834	316360	3163607
MG	31	63706	São Lourenço	46653	46653	316370	3163706
MG	31	63805	São Miguel do Anta	6430	6430	316380	3163805
MG	31	63904	São Pedro da União	4979	4979	316390	3163904
MG	31	64001	São Pedro dos Ferros	7194	7194	316400	3164001
MG	31	64100	São Pedro do Suaçuí	5166	5166	316410	3164100
MG	31	64209	São Romão	10553	10553	316420	3164209
MG	31	64308	São Roque de Minas	7341	7341	316430	3164308
MG	31	64407	São Sebastião da Bela Vista	6694	6694	316440	3164407
MG	31	64431	São Sebastião da Vargem Alegre	3219	3219	316443	3164431
MG	31	64472	São Sebastião do Anta	6386	6386	316447	3164472
MG	31	64506	São Sebastião do Maranhão	10244	10244	316450	3164506
MG	31	64605	São Sebastião do Oeste	9355	9355	316460	3164605
MG	31	64704	São Sebastião do Paraíso	74742	74742	316470	3164704
MG	31	64803	São Sebastião do Rio Preto	1248	1248	316480	3164803
MG	31	64902	São Sebastião do Rio Verde	2373	2373	316490	3164902
MG	31	65008	São Tiago	11517	11517	316500	3165008
MG	31	65107	São Tomás de Aquino	6853	6853	316510	3165107
MG	31	65206	São Tomé das Letras	7089	7089	316520	3165206
MG	31	65305	São Vicente de Minas	6935	6935	316530	3165305
MG	31	65404	Sapucaí-Mirim	6462	6462	316540	3165404
MG	31	65503	Sardoá	5164	5164	316550	3165503
MG	31	65537	Sarzedo	39327	39327	316553	3165537
MG	31	65552	Setubinha	10032	10032	316555	3165552
MG	31	65560	Sem-Peixe	2441	2441	316556	3165560
MG	31	65578	Senador Amaral	6458	6458	316557	3165578
MG	31	65602	Senador Cortes	2319	2319	316560	3165602
MG	31	65701	Senador Firmino	7945	7945	316570	3165701
MG	31	65800	Senador José Bento	2137	2137	316580	3165800
MG	31	65909	Senador Modestino Gonçalves	4035	4035	316590	3165909
MG	31	66006	Senhora de Oliveira	5584	5584	316600	3166006
MG	31	66105	Senhora do Porto	3088	3088	316610	3166105
MG	31	66204	Senhora dos Remédios	10640	10640	316620	3166204
MG	31	66303	Sericita	7536	7536	316630	3166303
MG	31	66402	Seritinga	1864	1864	316640	3166402
MG	31	66501	Serra Azul de Minas	3829	3829	316650	3166501
MG	31	66600	Serra da Saudade	854	854	316660	3166600
MG	31	66709	Serra dos Aimorés	6936	6936	316670	3166709
MG	31	66808	Serra do Salitre	12210	12210	316680	3166808
MG	31	66907	Serrania	7802	7802	316690	3166907
MG	31	66956	Serranópolis de Minas	4496	4496	316695	3166956
MG	31	67004	Serranos	2035	2035	316700	3167004
MG	31	67103	Serro	22550	22550	316710	3167103
MG	31	67202	Sete Lagoas	237931	237931	316720	3167202
MG	31	67301	Silveirânia	2391	2391	316730	3167301
MG	31	67400	Silvianópolis	6336	6336	316740	3167400
MG	31	67509	Simão Pereira	3060	3060	316750	3167509
MG	31	67608	Simonésia	20339	20339	316760	3167608
MG	31	67707	Sobrália	5175	5175	316770	3167707
MG	31	67806	Soledade de Minas	5733	5733	316780	3167806
MG	31	67905	Tabuleiro	4098	4098	316790	3167905
MG	31	68002	Taiobeiras	34392	34392	316800	3168002
MG	31	68051	Taparuba	3492	3492	316805	3168051
MG	31	68101	Tapira	4212	4212	316810	3168101
MG	31	68200	Tapiraí	1707	1707	316820	3168200
MG	31	68309	Taquaraçu de Minas	4368	4368	316830	3168309
MG	31	68408	Tarumirim	15072	15072	316840	3168408
MG	31	68507	Teixeiras	12634	12634	316850	3168507
MG	31	68606	Teófilo Otoni	142571	142571	316860	3168606
MG	31	68705	Timóteo	84087	84087	316870	3168705
MG	31	68804	Tiradentes	8008	8008	316880	3168804
MG	31	68903	Tiros	8172	8172	316890	3168903
MG	31	69000	Tocantins	16574	16574	316900	3169000
MG	31	69059	Tocos do Moji	3899	3899	316905	3169059
MG	31	69109	Toledo	7541	7541	316910	3169109
MG	31	69208	Tombos	8699	8699	316920	3169208
MG	31	69307	Três Corações	78079	78079	316930	3169307
MG	31	69356	Três Marias	29927	29927	316935	3169356
MG	31	69406	Três Pontas	57086	57086	316940	3169406
MG	31	69505	Tumiritinga	5973	5973	316950	3169505
MG	31	69604	Tupaciguara	26482	26482	316960	3169604
MG	31	69703	Turmalina	20650	20650	316970	3169703
MG	31	69802	Turvolândia	5078	5078	316980	3169802
MG	31	69901	Ubá	107222	107222	316990	3169901
MG	31	70008	Ubaí	11977	11977	317000	3170008
MG	31	70057	Ubaporanga	13423	13423	317005	3170057
MG	31	70107	Uberaba	354142	354142	317010	3170107
MG	31	70206	Uberlândia	754954	754954	317020	3170206
MG	31	70305	Umburatiba	2742	2742	317030	3170305
MG	31	70404	Unaí	90724	90724	317040	3170404
MG	31	70438	União de Minas	3848	3848	317043	3170438
MG	31	70479	Uruana de Minas	3360	3360	317047	3170479
MG	31	70503	Urucânia	10875	10875	317050	3170503
MG	31	70529	Urucuia	18291	18291	317052	3170529
MG	31	70578	Vargem Alegre	5834	5834	317057	3170578
MG	31	70602	Vargem Bonita	2206	2206	317060	3170602
MG	31	70651	Vargem Grande do Rio Pardo	4727	4727	317065	3170651
MG	31	70701	Varginha	142802	142802	317070	3170701
MG	31	70750	Varjão de Minas	7243	7243	317075	3170750
MG	31	70800	Várzea da Palma	34639	34639	317080	3170800
MG	31	70909	Varzelândia	19214	19214	317090	3170909
MG	31	71006	Vazante	20433	20433	317100	3171006
MG	31	71030	Verdelândia	7770	7770	317103	3171030
MG	31	71071	Veredinha	5257	5257	317107	3171071
MG	31	71105	Veríssimo	3480	3480	317110	3171105
MG	31	71154	Vermelho Novo	5034	5034	317115	3171154
MG	31	71204	Vespasiano	136826	136826	317120	3171204
MG	31	71303	Viçosa	79221	79221	317130	3171303
MG	31	71402	Vieiras	3780	3780	317140	3171402
MG	31	71501	Mathias Lobato	3069	3069	317150	3171501
MG	31	71600	Virgem da Lapa	11867	11867	317160	3171600
MG	31	71709	Virgínia	9142	9142	317170	3171709
MG	31	71808	Virginópolis	10519	10519	317180	3171808
MG	31	71907	Virgolândia	4530	4530	317190	3171907
MG	31	72004	Visconde do Rio Branco	40608	40608	317200	3172004
MG	31	72103	Volta Grande	4473	4473	317210	3172103
MG	31	72202	Wenceslau Braz	2387	2387	317220	3172202
ES	32	00102	Afonso Cláudio	32446	32446	320010	3200102
ES	32	00136	Águia Branca	10124	10124	320013	3200136
ES	32	00169	Água Doce do Norte	12559	12559	320016	3200169
ES	32	00201	Alegre	30744	30744	320020	3200201
ES	32	00300	Alfredo Chaves	14373	14373	320030	3200300
ES	32	00359	Alto Rio Novo	7747	7747	320035	3200359
ES	32	00409	Anchieta	32584	32584	320040	3200409
ES	32	00508	Apiacá	7474	7474	320050	3200508
ES	32	00607	Aracruz	102410	102410	320060	3200607
ES	32	00706	Atílio Vivácqua	11013	11013	320070	3200706
ES	32	00805	Baixo Guandu	32694	32694	320080	3200805
ES	32	00904	Barra de São Francisco	45250	45250	320090	3200904
ES	32	01001	Boa Esperança	14079	14079	320100	3201001
ES	32	01100	Bom Jesus do Norte	10764	10764	320110	3201100
ES	32	01159	Brejetuba	13642	13642	320115	3201159
ES	32	01209	Cachoeiro de Itapemirim	198323	198323	320120	3201209
ES	32	01308	Cariacica	375485	375485	320130	3201308
ES	32	01407	Castelo	39396	39396	320140	3201407
ES	32	01506	Colatina	128622	128622	320150	3201506
ES	32	01605	Conceição da Barra	28953	28953	320160	3201605
ES	32	01704	Conceição do Castelo	12448	12448	320170	3201704
ES	32	01803	Divino de São Lourenço	5359	5359	320180	3201803
ES	32	01902	Domingos Martins	37972	37972	320190	3201902
ES	32	02009	Dores do Rio Preto	6885	6885	320200	3202009
ES	32	02108	Ecoporanga	22670	22670	320210	3202108
ES	32	02207	Fundão	18824	18824	320220	3202207
ES	32	02256	Governador Lindenberg	11467	11467	320225	3202256
ES	32	02306	Guaçuí	31290	31290	320230	3202306
ES	32	02405	Guarapari	134944	134944	320240	3202405
ES	32	02454	Ibatiba	27308	27308	320245	3202454
ES	32	02504	Ibiraçu	12261	12261	320250	3202504
ES	32	02553	Ibitirama	9973	9973	320255	3202553
ES	32	02603	Iconha	12793	12793	320260	3202603
ES	32	02652	Irupi	14513	14513	320265	3202652
ES	32	02702	Itaguaçu	14065	14065	320270	3202702
ES	32	02801	Itapemirim	43362	43362	320280	3202801
ES	32	02900	Itarana	10984	10984	320290	3202900
ES	32	03007	Iúna	30444	30444	320300	3203007
ES	32	03056	Jaguaré	31232	31232	320305	3203056
ES	32	03106	Jerônimo Monteiro	12079	12079	320310	3203106
ES	32	03130	João Neiva	14391	14391	320313	3203130
ES	32	03163	Laranja da Terra	11572	11572	320316	3203163
ES	32	03205	Linhares	181912	181912	320320	3203205
ES	32	03304	Mantenópolis	13173	13173	320330	3203304
ES	32	03320	Marataízes	45418	45418	320332	3203320
ES	32	03346	Marechal Floriano	18743	18743	320334	3203346
ES	32	03353	Marilândia	13014	13014	320335	3203353
ES	32	03403	Mimoso do Sul	25179	25179	320340	3203403
ES	32	03502	Montanha	19752	19752	320350	3203502
ES	32	03601	Mucurici	5660	5660	320360	3203601
ES	32	03700	Muniz Freire	18811	18811	320370	3203700
ES	32	03809	Muqui	14213	14213	320380	3203809
ES	32	03908	Nova Venécia	52084	52084	320390	3203908
ES	32	04005	Pancas	19270	19270	320400	3204005
ES	32	04054	Pedro Canário	22048	22048	320405	3204054
ES	32	04104	Pinheiros	24825	24825	320410	3204104
ES	32	04203	Piúma	23682	23682	320420	3204203
ES	32	04252	Ponto Belo	6696	6696	320425	3204252
ES	32	04302	Presidente Kennedy	14647	14647	320430	3204302
ES	32	04351	Rio Bananal	20229	20229	320435	3204351
ES	32	04401	Rio Novo do Sul	11479	11479	320440	3204401
ES	32	04500	Santa Leopoldina	13747	13747	320450	3204500
ES	32	04559	Santa Maria de Jetibá	45062	45062	320455	3204559
ES	32	04609	Santa Teresa	23796	23796	320460	3204609
ES	32	04658	São Domingos do Norte	9008	9008	320465	3204658
ES	32	04708	São Gabriel da Palha	34210	34210	320470	3204708
ES	32	04807	São José do Calçado	11373	11373	320480	3204807
ES	32	04906	São Mateus	133359	133359	320490	3204906
ES	32	04955	São Roque do Canaã	11271	11271	320495	3204955
ES	32	05002	Serra	572274	572274	320500	3205002
ES	32	05010	Sooretama	28453	28453	320501	3205010
ES	32	05036	Vargem Alta	20353	20353	320503	3205036
ES	32	05069	Venda Nova do Imigrante	25168	25168	320506	3205069
ES	32	05101	Viana	78442	78442	320510	3205101
ES	32	05150	Vila Pavão	9298	9298	320515	3205150
ES	32	05176	Vila Valério	14263	14263	320517	3205176
ES	32	05200	Vila Velha	502899	502899	320520	3205200
ES	32	05309	Vitória	342800	342800	320530	3205309
RJ	33	00100	Angra dos Reis	179120	179120	330010	3300100
RJ	33	00159	Aperibé	11420	11420	330015	3300159
RJ	33	00209	Araruama	137773	137773	330020	3300209
RJ	33	00225	Areal	12236	12236	330022	3300225
RJ	33	00233	Armação dos Búzios	42442	42442	330023	3300233
RJ	33	00258	Arraial do Cabo	32794	32794	330025	3300258
RJ	33	00308	Barra do Piraí	98501	98501	330030	3300308
RJ	33	00407	Barra Mansa	181688	181688	330040	3300407
RJ	33	00456	Belford Roxo	518263	518263	330045	3300456
RJ	33	00506	Bom Jardim	29736	29736	330050	3300506
RJ	33	00605	Bom Jesus do Itabapoana	37172	37172	330060	3300605
RJ	33	00704	Cabo Frio	238166	238166	330070	3300704
RJ	33	00803	Cachoeiras de Macacu	59837	59837	330080	3300803
RJ	33	00902	Cambuci	15070	15070	330090	3300902
RJ	33	00936	Carapebus	14325	14325	330093	3300936
RJ	33	00951	Comendador Levy Gasparian	9044	9044	330095	3300951
RJ	33	01009	Campos dos Goytacazes	519011	519011	330100	3301009
RJ	33	01108	Cantagalo	19996	19996	330110	3301108
RJ	33	01157	Cardoso Moreira	13403	13403	330115	3301157
RJ	33	01207	Carmo	17740	17740	330120	3301207
RJ	33	01306	Casimiro de Abreu	48563	48563	330130	3301306
RJ	33	01405	Conceição de Macabu	21769	21769	330140	3301405
RJ	33	01504	Cordeiro	21444	21444	330150	3301504
RJ	33	01603	Duas Barras	11354	11354	330160	3301603
RJ	33	01702	Duque de Caxias	866347	866347	330170	3301702
RJ	33	01801	Engenheiro Paulo de Frontin	12648	12648	330180	3301801
RJ	33	01850	Guapimirim	54300	54300	330185	3301850
RJ	33	01876	Iguaba Grande	29577	29577	330187	3301876
RJ	33	01900	Itaboraí	240040	240040	330190	3301900
RJ	33	02007	Itaguaí	123980	123980	330200	3302007
RJ	33	02056	Italva	14517	14517	330205	3302056
RJ	33	02106	Itaocara	23643	23643	330210	3302106
RJ	33	02205	Itaperuna	107246	107246	330220	3302205
RJ	33	02254	Itatiaia	32694	32694	330225	3302254
RJ	33	02270	Japeri	102149	102149	330227	3302270
RJ	33	02304	Laje do Muriaé	7584	7584	330230	3302304
RJ	33	02403	Macaé	264138	264138	330240	3302403
RJ	33	02452	Macuco	5601	5601	330245	3302452
RJ	33	02502	Magé	244092	244092	330250	3302502
RJ	33	02601	Mangaratiba	43624	43624	330260	3302601
RJ	33	02700	Maricá	211986	211986	330270	3302700
RJ	33	02809	Mendes	18049	18049	330280	3302809
RJ	33	02858	Mesquita	178803	178803	330285	3302858
RJ	33	02908	Miguel Pereira	28123	28123	330290	3302908
RJ	33	03005	Miracema	28411	28411	330300	3303005
RJ	33	03104	Natividade	15550	15550	330310	3303104
RJ	33	03203	Nilópolis	155544	155544	330320	3303203
RJ	33	03302	Niterói	516720	516720	330330	3303302
RJ	33	03401	Nova Friburgo	203328	203328	330340	3303401
RJ	33	03500	Nova Iguaçu	843046	843046	330350	3303500
RJ	33	03609	Paracambi	43656	43656	330360	3303609
RJ	33	03708	Paraíba do Sul	44467	44467	330370	3303708
RJ	33	03807	Paraty	47614	47614	330380	3303807
RJ	33	03856	Paty do Alferes	31345	31345	330385	3303856
RJ	33	03906	Petrópolis	294983	294983	330390	3303906
RJ	33	03955	Pinheiral	25085	25085	330395	3303955
RJ	33	04003	Piraí	29054	29054	330400	3304003
RJ	33	04102	Porciúncula	17832	17832	330410	3304102
RJ	33	04110	Porto Real	21064	21064	330411	3304110
RJ	33	04128	Quatis	14158	14158	330412	3304128
RJ	33	04144	Queimados	149093	149093	330414	3304144
RJ	33	04151	Quissamã	23126	23126	330415	3304151
RJ	33	04201	Resende	137612	137612	330420	3304201
RJ	33	04300	Rio Bonito	59113	59113	330430	3304300
RJ	33	04409	Rio Claro	17950	17950	330440	3304409
RJ	33	04508	Rio das Flores	9264	9264	330450	3304508
RJ	33	04524	Rio das Ostras	168099	168099	330452	3304524
RJ	33	04557	Rio de Janeiro	6729894	6729894	330455	3304557
RJ	33	04607	Santa Maria Madalena	10579	10579	330460	3304607
RJ	33	04706	Santo Antônio de Pádua	43686	43686	330470	3304706
RJ	33	04755	São Francisco de Itabapoana	47368	47368	330475	3304755
RJ	33	04805	São Fidélis	41197	41197	330480	3304805
RJ	33	04904	São Gonçalo	960652	960652	330490	3304904
RJ	33	05000	São João da Barra	38708	38708	330500	3305000
RJ	33	05109	São João de Meriti	466536	466536	330510	3305109
RJ	33	05133	São José de Ubá	7315	7315	330513	3305133
RJ	33	05158	São José do Vale do Rio Preto	22799	22799	330515	3305158
RJ	33	05208	São Pedro da Aldeia	110556	110556	330520	3305208
RJ	33	05307	São Sebastião do Alto	7999	7999	330530	3305307
RJ	33	05406	Sapucaia	18289	18289	330540	3305406
RJ	33	05505	Saquarema	95201	95201	330550	3305505
RJ	33	05554	Seropédica	84737	84737	330555	3305554
RJ	33	05604	Silva Jardim	22026	22026	330560	3305604
RJ	33	05703	Sumidouro	15690	15690	330570	3305703
RJ	33	05752	Tanguá	32858	32858	330575	3305752
RJ	33	05802	Teresópolis	176692	176692	330580	3305802
RJ	33	05901	Trajano de Moraes	10652	10652	330590	3305901
RJ	33	06008	Três Rios	82300	82300	330600	3306008
RJ	33	06107	Valença	71462	71462	330610	3306107
RJ	33	06156	Varre-Sai	10559	10559	330615	3306156
RJ	33	06206	Vassouras	35904	35904	330620	3306206
RJ	33	06305	Volta Redonda	279898	279898	330630	3306305
SP	35	00105	Adamantina	35642	35642	350010	3500105
SP	35	00204	Adolfo	4478	4478	350020	3500204
SP	35	00303	Aguaí	32888	32888	350030	3500303
SP	35	00402	Águas da Prata	7470	7470	350040	3500402
SP	35	00501	Águas de Lindóia	18245	18245	350050	3500501
SP	35	00550	Águas de Santa Bárbara	7407	7407	350055	3500550
SP	35	00600	Águas de São Pedro	2829	2829	350060	3500600
SP	35	00709	Agudos	38879	38879	350070	3500709
SP	35	00758	Alambari	6330	6330	350075	3500758
SP	35	00808	Alfredo Marcondes	4556	4556	350080	3500808
SP	35	00907	Altair	3479	3479	350090	3500907
SP	35	01004	Altinópolis	17156	17156	350100	3501004
SP	35	01103	Alto Alegre	3883	3883	350110	3501103
SP	35	01152	Alumínio	17591	17591	350115	3501152
SP	35	01202	Álvares Florence	3978	3978	350120	3501202
SP	35	01301	Álvares Machado	28250	28250	350130	3501301
SP	35	01400	Álvaro de Carvalho	4896	4896	350140	3501400
SP	35	01509	Alvinlândia	2923	2923	350150	3501509
SP	35	01608	Americana	246655	246655	350160	3501608
SP	35	01707	Américo Brasiliense	33757	33757	350170	3501707
SP	35	01806	Américo de Campos	5975	5975	350180	3501806
SP	35	01905	Amparo	69717	69717	350190	3501905
SP	35	02002	Analândia	4684	4684	350200	3502002
SP	35	02101	Andradina	61473	61473	350210	3502101
SP	35	02200	Angatuba	24512	24512	350220	3502200
SP	35	02309	Anhembi	5766	5766	350230	3502309
SP	35	02408	Anhumas	4108	4108	350240	3502408
SP	35	02507	Aparecida	33223	33223	350250	3502507
SP	35	02606	Aparecida d'Oeste	4124	4124	350260	3502606
SP	35	02705	Apiaí	24886	24886	350270	3502705
SP	35	02754	Araçariguama	22168	22168	350275	3502754
SP	35	02804	Araçatuba	207775	207775	350280	3502804
SP	35	02903	Araçoiaba da Serra	33656	33656	350290	3502903
SP	35	03000	Aramina	5526	5526	350300	3503000
SP	35	03109	Arandu	7050	7050	350310	3503109
SP	35	03158	Arapeí	2355	2355	350315	3503158
SP	35	03208	Araraquara	252318	252318	350320	3503208
SP	35	03307	Araras	135331	135331	350330	3503307
SP	35	03356	Arco-Íris	2085	2085	350335	3503356
SP	35	03406	Arealva	8280	8280	350340	3503406
SP	35	03505	Areias	3625	3625	350350	3503505
SP	35	03604	Areiópolis	10257	10257	350360	3503604
SP	35	03703	Ariranha	7653	7653	350370	3503703
SP	35	03802	Artur Nogueira	53157	53157	350380	3503802
SP	35	03901	Arujá	89943	89943	350390	3503901
SP	35	03950	Aspásia	1873	1873	350395	3503950
SP	35	04008	Assis	104642	104642	350400	3504008
SP	35	04107	Atibaia	166043	166043	350410	3504107
SP	35	04206	Auriflama	13873	13873	350420	3504206
SP	35	04305	Avaí	4519	4519	350430	3504305
SP	35	04404	Avanhandava	11438	11438	350440	3504404
SP	35	04503	Avaré	96098	96098	350450	3504503
SP	35	04602	Bady Bassitt	28909	28909	350460	3504602
SP	35	04701	Balbinos	3963	3963	350470	3504701
SP	35	04800	Bálsamo	9854	9854	350480	3504800
SP	35	04909	Bananal	10109	10109	350490	3504909
SP	35	05005	Barão de Antonina	3618	3618	350500	3505005
SP	35	05104	Barbosa	5659	5659	350510	3505104
SP	35	05203	Bariri	32405	32405	350520	3505203
SP	35	05302	Barra Bonita	35159	35159	350530	3505302
SP	35	05351	Barra do Chapéu	5256	5256	350535	3505351
SP	35	05401	Barra do Turvo	6922	6922	350540	3505401
SP	35	05500	Barretos	126600	126600	350550	3505500
SP	35	05609	Barrinha	33181	33181	350560	3505609
SP	35	05708	Barueri	330339	330339	350570	3505708
SP	35	05807	Bastos	21900	21900	350580	3505807
SP	35	05906	Batatais	59873	59873	350590	3505906
SP	35	06003	Bauru	391740	391740	350600	3506003
SP	35	06102	Bebedouro	78210	78210	350610	3506102
SP	35	06201	Bento de Abreu	2642	2642	350620	3506201
SP	35	06300	Bernardino de Campos	11852	11852	350630	3506300
SP	35	06359	Bertioga	66873	66873	350635	3506359
SP	35	06409	Bilac	7455	7455	350640	3506409
SP	35	06508	Birigui	122988	122988	350650	3506508
SP	35	06607	Biritiba Mirim	30526	30526	350660	3506607
SP	35	06706	Boa Esperança do Sul	13135	13135	350670	3506706
SP	35	06805	Bocaina	11467	11467	350680	3506805
SP	35	06904	Bofete	10688	10688	350690	3506904
SP	35	07001	Boituva	63415	63415	350700	3507001
SP	35	07100	Bom Jesus dos Perdões	22501	22501	350710	3507100
SP	35	07159	Bom Sucesso de Itararé	3610	3610	350715	3507159
SP	35	07209	Borá	928	928	350720	3507209
SP	35	07308	Boracéia	4823	4823	350730	3507308
SP	35	07407	Borborema	14415	14415	350740	3507407
SP	35	07456	Borebi	2787	2787	350745	3507456
SP	35	07506	Botucatu	150442	150442	350750	3507506
SP	35	07605	Bragança Paulista	184634	184634	350760	3507605
SP	35	07704	Braúna	5466	5466	350770	3507704
SP	35	07753	Brejo Alegre	2605	2605	350775	3507753
SP	35	07803	Brodowski	26167	26167	350780	3507803
SP	35	07902	Brotas	24423	24423	350790	3507902
SP	35	08009	Buri	20674	20674	350800	3508009
SP	35	08108	Buritama	17597	17597	350810	3508108
SP	35	08207	Buritizal	4447	4447	350820	3508207
SP	35	08306	Cabrália Paulista	4362	4362	350830	3508306
SP	35	08405	Cabreúva	48473	48473	350840	3508405
SP	35	08504	Caçapava	99678	99678	350850	3508504
SP	35	08603	Cachoeira Paulista	32482	32482	350860	3508603
SP	35	08702	Caconde	17266	17266	350870	3508702
SP	35	08801	Cafelândia	16905	16905	350880	3508801
SP	35	08900	Caiabu	3745	3745	350890	3508900
SP	35	09007	Caieiras	98257	98257	350900	3509007
SP	35	09106	Caiuá	5585	5585	350910	3509106
SP	35	09205	Cajamar	97363	97363	350920	3509205
SP	35	09254	Cajati	29257	29257	350925	3509254
SP	35	09304	Cajobi	9232	9232	350930	3509304
SP	35	09403	Cajuru	24217	24217	350940	3509403
SP	35	09452	Campina do Monte Alegre	6077	6077	350945	3509452
SP	35	09502	Campinas	1185977	1185977	350950	3509502
SP	35	09601	Campo Limpo Paulista	79663	79663	350960	3509601
SP	35	09700	Campos do Jordão	47983	47983	350970	3509700
SP	35	09809	Campos Novos Paulista	4991	4991	350980	3509809
SP	35	09908	Cananéia	12489	12489	350990	3509908
SP	35	09957	Canas	5049	5049	350995	3509957
SP	35	10005	Cândido Mota	30172	30172	351000	3510005
SP	35	10104	Cândido Rodrigues	2951	2951	351010	3510104
SP	35	10153	Canitar	6524	6524	351015	3510153
SP	35	10203	Capão Bonito	47403	47403	351020	3510203
SP	35	10302	Capela do Alto	23597	23597	351030	3510302
SP	35	10401	Capivari	51318	51318	351040	3510401
SP	35	10500	Caraguatatuba	141084	141084	351050	3510500
SP	35	10609	Carapicuíba	398462	398462	351060	3510609
SP	35	10708	Cardoso	11491	11491	351070	3510708
SP	35	10807	Casa Branca	28786	28786	351080	3510807
SP	35	10906	Cássia dos Coqueiros	2855	2855	351090	3510906
SP	35	11003	Castilho	20418	20418	351100	3511003
SP	35	11102	Catanduva	119172	119172	351110	3511102
SP	35	11201	Catiguá	7105	7105	351120	3511201
SP	35	11300	Cedral	13160	13160	351130	3511300
SP	35	11409	Cerqueira César	22076	22076	351140	3511409
SP	35	11508	Cerquilho	46217	46217	351150	3511508
SP	35	11607	Cesário Lange	19588	19588	351160	3511607
SP	35	11706	Charqueada	15798	15798	351170	3511706
SP	35	11904	Clementina	7087	7087	351190	3511904
SP	35	12001	Colina	18842	18842	351200	3512001
SP	35	12100	Colômbia	6781	6781	351210	3512100
SP	35	12209	Conchal	29034	29034	351220	3512209
SP	35	12308	Conchas	15381	15381	351230	3512308
SP	35	12407	Cordeirópolis	25130	25130	351240	3512407
SP	35	12506	Coroados	5498	5498	351250	3512506
SP	35	12605	Coronel Macedo	4295	4295	351260	3512605
SP	35	12704	Corumbataí	4285	4285	351270	3512704
SP	35	12803	Cosmópolis	61204	61204	351280	3512803
SP	35	12902	Cosmorama	8968	8968	351290	3512902
SP	35	13009	Cotia	287004	287004	351300	3513009
SP	35	13108	Cravinhos	34252	34252	351310	3513108
SP	35	13207	Cristais Paulista	9543	9543	351320	3513207
SP	35	13306	Cruzália	2129	2129	351330	3513306
SP	35	13405	Cruzeiro	76513	76513	351340	3513405
SP	35	13504	Cubatão	115082	115082	351350	3513504
SP	35	13603	Cunha	22456	22456	351360	3513603
SP	35	13702	Descalvado	32622	32622	351370	3513702
SP	35	13801	Diadema	404118	404118	351380	3513801
SP	35	13850	Dirce Reis	1641	1641	351385	3513850
SP	35	13900	Divinolândia	11314	11314	351390	3513900
SP	35	14007	Dobrada	8958	8958	351400	3514007
SP	35	14106	Dois Córregos	24855	24855	351410	3514106
SP	35	14205	Dolcinópolis	2250	2250	351420	3514205
SP	35	14304	Dourado	8186	8186	351430	3514304
SP	35	14403	Dracena	46664	46664	351440	3514403
SP	35	14502	Duartina	12529	12529	351450	3514502
SP	35	14601	Dumont	9719	9719	351460	3514601
SP	35	14700	Echaporã	6295	6295	351470	3514700
SP	35	14809	Eldorado	13162	13162	351480	3514809
SP	35	14908	Elias Fausto	18103	18103	351490	3514908
SP	35	14924	Elisiário	3189	3189	351492	3514924
SP	35	14957	Embaúba	2353	2353	351495	3514957
SP	35	15004	Embu das Artes	259323	259323	351500	3515004
SP	35	15103	Embu-Guaçu	68805	68805	351510	3515103
SP	35	15129	Emilianópolis	3062	3062	351512	3515129
SP	35	15152	Engenheiro Coelho	20139	20139	351515	3515152
SP	35	15186	Espírito Santo do Pinhal	40681	40681	351518	3515186
SP	35	15194	Espírito Santo do Turvo	4217	4217	351519	3515194
SP	35	15202	Estrela d'Oeste	9655	9655	351520	3515202
SP	35	15301	Estrela do Norte	2749	2749	351530	3515301
SP	35	15350	Euclides da Cunha Paulista	7928	7928	351535	3515350
SP	35	15400	Fartura	16984	16984	351540	3515400
SP	35	15509	Fernandópolis	73286	73286	351550	3515509
SP	35	15608	Fernando Prestes	6066	6066	351560	3515608
SP	35	15657	Fernão	1689	1689	351565	3515657
SP	35	15707	Ferraz de Vasconcelos	185622	185622	351570	3515707
SP	35	15806	Flora Rica	1492	1492	351580	3515806
SP	35	15905	Floreal	2756	2756	351590	3515905
SP	35	16002	Flórida Paulista	13171	13171	351600	3516002
SP	35	16101	Florínea	3987	3987	351610	3516101
SP	35	16200	Franca	364331	364331	351620	3516200
SP	35	16309	Francisco Morato	171107	171107	351630	3516309
SP	35	16408	Franco da Rocha	149786	149786	351640	3516408
SP	35	16507	Gabriel Monteiro	2811	2811	351650	3516507
SP	35	16606	Gália	6435	6435	351660	3516606
SP	35	16705	Garça	43115	43115	351670	3516705
SP	35	16804	Gastão Vidigal	3235	3235	351680	3516804
SP	35	16853	Gavião Peixoto	4797	4797	351685	3516853
SP	35	16903	General Salgado	10449	10449	351690	3516903
SP	35	17000	Getulina	10355	10355	351700	3517000
SP	35	17109	Glicério	4173	4173	351710	3517109
SP	35	17208	Guaiçara	11459	11459	351720	3517208
SP	35	17307	Guaimbê	5606	5606	351730	3517307
SP	35	17406	Guaíra	40424	40424	351740	3517406
SP	35	17505	Guapiaçu	22316	22316	351750	3517505
SP	35	17604	Guapiara	17256	17256	351760	3517604
SP	35	17703	Guará	18790	18790	351770	3517703
SP	35	17802	Guaraçaí	7486	7486	351780	3517802
SP	35	17901	Guaraci	10542	10542	351790	3517901
SP	35	18008	Guarani d'Oeste	1999	1999	351800	3518008
SP	35	18107	Guarantã	6531	6531	351810	3518107
SP	35	18206	Guararapes	31872	31872	351820	3518206
SP	35	18305	Guararema	32436	32436	351830	3518305
SP	35	18404	Guaratinguetá	121710	121710	351840	3518404
SP	35	18503	Guareí	15268	15268	351850	3518503
SP	35	18602	Guariba	38609	38609	351860	3518602
SP	35	18701	Guarujá	294973	294973	351870	3518701
SP	35	18800	Guarulhos	1345364	1345364	351880	3518800
SP	35	18859	Guatapará	7462	7462	351885	3518859
SP	35	18909	Guzolândia	4276	4276	351890	3518909
SP	35	19006	Herculândia	9302	9302	351900	3519006
SP	35	19055	Holambra	15596	15596	351905	3519055
SP	35	19071	Hortolândia	247331	247331	351907	3519071
SP	35	19105	Iacanga	10633	10633	351910	3519105
SP	35	19204	Iacri	6207	6207	351920	3519204
SP	35	19253	Iaras	8257	8257	351925	3519253
SP	35	19303	Ibaté	33110	33110	351930	3519303
SP	35	19402	Ibirá	11934	11934	351940	3519402
SP	35	19501	Ibirarema	6461	6461	351950	3519501
SP	35	19600	Ibitinga	61908	61908	351960	3519600
SP	35	19709	Ibiúna	77651	77651	351970	3519709
SP	35	19808	Icém	7969	7969	351980	3519808
SP	35	19907	Iepê	7739	7739	351990	3519907
SP	35	20004	Igaraçu do Tietê	23430	23430	352000	3520004
SP	35	20103	Igarapava	26755	26755	352010	3520103
SP	35	20202	Igaratá	10904	10904	352020	3520202
SP	35	20301	Iguape	29881	29881	352030	3520301
SP	35	20400	Ilhabela	36329	36329	352040	3520400
SP	35	20426	Ilha Comprida	13955	13955	352042	3520426
SP	35	20442	Ilha Solteira	26240	26240	352044	3520442
SP	35	20509	Indaiatuba	267796	267796	352050	3520509
SP	35	20608	Indiana	5191	5191	352060	3520608
SP	35	20707	Indiaporã	4109	4109	352070	3520707
SP	35	20806	Inúbia Paulista	3671	3671	352080	3520806
SP	35	20905	Ipaussu	13933	13933	352090	3520905
SP	35	21002	Iperó	37999	37999	352100	3521002
SP	35	21101	Ipeúna	6999	6999	352110	3521101
SP	35	21150	Ipiguá	7037	7037	352115	3521150
SP	35	21200	Iporanga	4091	4091	352120	3521200
SP	35	21309	Ipuã	14691	14691	352130	3521309
SP	35	21408	Iracemápolis	22435	22435	352140	3521408
SP	35	21507	Irapuã	6946	6946	352150	3521507
SP	35	21606	Irapuru	7145	7145	352160	3521606
SP	35	21705	Itaberá	18258	18258	352170	3521705
SP	35	21804	Itaí	25930	25930	352180	3521804
SP	35	21903	Itajobi	17420	17420	352190	3521903
SP	35	22000	Itaju	3702	3702	352200	3522000
SP	35	22109	Itanhaém	117435	117435	352210	3522109
SP	35	22158	Itaoca	3490	3490	352215	3522158
SP	35	22208	Itapecerica da Serra	163928	163928	352220	3522208
SP	35	22307	Itapetininga	163774	163774	352230	3522307
SP	35	22406	Itapeva	92324	92324	352240	3522406
SP	35	22505	Itapevi	241924	241924	352250	3522505
SP	35	22604	Itapira	73919	73919	352260	3522604
SP	35	22653	Itapirapuã Paulista	4405	4405	352265	3522653
SP	35	22703	Itápolis	40464	40464	352270	3522703
SP	35	22802	Itaporanga	14260	14260	352280	3522802
SP	35	22901	Itapuí	13984	13984	352290	3522901
SP	35	23008	Itapura	4014	4014	352300	3523008
SP	35	23107	Itaquaquecetuba	382521	382521	352310	3523107
SP	35	23206	Itararé	45327	45327	352320	3523206
SP	35	23305	Itariri	15762	15762	352330	3523305
SP	35	23404	Itatiba	126403	126403	352340	3523404
SP	35	23503	Itatinga	19427	19427	352350	3523503
SP	35	23602	Itirapina	16433	16433	352360	3523602
SP	35	23701	Itirapuã	5861	5861	352370	3523701
SP	35	23800	Itobi	8210	8210	352380	3523800
SP	35	23909	Itu	174561	174561	352390	3523909
SP	35	24006	Itupeva	74119	74119	352400	3524006
SP	35	24105	Ituverava	38451	38451	352410	3524105
SP	35	24204	Jaborandi	6293	6293	352420	3524204
SP	35	24303	Jaboticabal	73467	73467	352430	3524303
SP	35	24402	Jacareí	249968	249968	352440	3524402
SP	35	24501	Jaci	7878	7878	352450	3524501
SP	35	24600	Jacupiranga	16254	16254	352460	3524600
SP	35	24709	Jaguariúna	61801	61801	352470	3524709
SP	35	24808	Jales	50017	50017	352480	3524808
SP	35	24907	Jambeiro	6575	6575	352490	3524907
SP	35	25003	Jandira	121988	121988	352500	3525003
SP	35	25102	Jardinópolis	46868	46868	352510	3525102
SP	35	25201	Jarinu	39531	39531	352520	3525201
SP	35	25300	Jaú	137323	137323	352530	3525300
SP	35	25409	Jeriquara	3976	3976	352540	3525409
SP	35	25508	Joanópolis	13095	13095	352550	3525508
SP	35	25607	João Ramalho	4456	4456	352560	3525607
SP	35	25706	José Bonifácio	37859	37859	352570	3525706
SP	35	25805	Júlio Mesquita	4308	4308	352580	3525805
SP	35	25854	Jumirim	3123	3123	352585	3525854
SP	35	25904	Jundiaí	460313	460313	352590	3525904
SP	35	26001	Junqueirópolis	20878	20878	352600	3526001
SP	35	26100	Juquiá	17255	17255	352610	3526100
SP	35	26209	Juquitiba	28007	28007	352620	3526209
SP	35	26308	Lagoinha	5182	5182	352630	3526308
SP	35	26407	Laranjal Paulista	27009	27009	352640	3526407
SP	35	26506	Lavínia	9909	9909	352650	3526506
SP	35	26605	Lavrinhas	7328	7328	352660	3526605
SP	35	26704	Leme	101316	101316	352670	3526704
SP	35	26803	Lençóis Paulista	68395	68395	352680	3526803
SP	35	26902	Limeira	300728	300728	352690	3526902
SP	35	27009	Lindóia	7147	7147	352700	3527009
SP	35	27108	Lins	76729	76729	352710	3527108
SP	35	27207	Lorena	87370	87370	352720	3527207
SP	35	27256	Lourdes	1968	1968	352725	3527256
SP	35	27306	Louveira	54111	54111	352730	3527306
SP	35	27405	Lucélia	20372	20372	352740	3527405
SP	35	27504	Lucianópolis	2419	2419	352750	3527504
SP	35	27603	Luís Antônio	12531	12531	352760	3527603
SP	35	27702	Luiziânia	4751	4751	352770	3527702
SP	35	27801	Lupércio	4017	4017	352780	3527801
SP	35	27900	Lutécia	2699	2699	352790	3527900
SP	35	28007	Macatuba	17120	17120	352800	3528007
SP	35	28106	Macaubal	7587	7587	352810	3528106
SP	35	28205	Macedônia	4048	4048	352820	3528205
SP	35	28304	Magda	3212	3212	352830	3528304
SP	35	28403	Mairinque	51660	51660	352840	3528403
SP	35	28502	Mairiporã	97399	97399	352850	3528502
SP	35	28601	Manduri	10092	10092	352860	3528601
SP	35	28700	Marabá Paulista	4627	4627	352870	3528700
SP	35	28809	Maracaí	12826	12826	352880	3528809
SP	35	28858	Marapoama	3392	3392	352885	3528858
SP	35	28908	Mariápolis	3539	3539	352890	3528908
SP	35	29005	Marília	246627	246627	352900	3529005
SP	35	29104	Marinópolis	1870	1870	352910	3529104
SP	35	29203	Martinópolis	25299	25299	352920	3529203
SP	35	29302	Matão	80998	80998	352930	3529302
SP	35	29401	Mauá	429380	429380	352940	3529401
SP	35	29500	Mendonça	6369	6369	352950	3529500
SP	35	29609	Meridiano	4697	4697	352960	3529609
SP	35	29658	Mesópolis	1988	1988	352965	3529658
SP	35	29708	Miguelópolis	19655	19655	352970	3529708
SP	35	29807	Mineiros do Tietê	11349	11349	352980	3529807
SP	35	29906	Miracatu	18679	18679	352990	3529906
SP	35	30003	Mira Estrela	3199	3199	353000	3530003
SP	35	30102	Mirandópolis	28737	28737	353010	3530102
SP	35	30201	Mirante do Paranapanema	16069	16069	353020	3530201
SP	35	30300	Mirassol	65485	65485	353030	3530300
SP	35	30409	Mirassolândia	4771	4771	353040	3530409
SP	35	30508	Mococa	69324	69324	353050	3530508
SP	35	30607	Mogi das Cruzes	468120	468120	353060	3530607
SP	35	30706	Mogi Guaçu	159735	159735	353070	3530706
SP	35	30805	Mogi Mirim	95534	95534	353080	3530805
SP	35	30904	Mombuca	3815	3815	353090	3530904
SP	35	31001	Monções	1954	1954	353100	3531001
SP	35	31100	Mongaguá	64519	64519	353110	3531100
SP	35	31209	Monte Alegre do Sul	8873	8873	353120	3531209
SP	35	31308	Monte Alto	48725	48725	353130	3531308
SP	35	31407	Monte Aprazível	22650	22650	353140	3531407
SP	35	31506	Monte Azul Paulista	18363	18363	353150	3531506
SP	35	31605	Monte Castelo	4301	4301	353160	3531605
SP	35	31704	Monteiro Lobato	4205	4205	353170	3531704
SP	35	31803	Monte Mor	67296	67296	353180	3531803
SP	35	31902	Morro Agudo	28561	28561	353190	3531902
SP	35	32009	Morungaba	14081	14081	353200	3532009
SP	35	32058	Motuca	4079	4079	353205	3532058
SP	35	32108	Murutinga do Sul	3763	3763	353210	3532108
SP	35	32157	Nantes	2699	2699	353215	3532157
SP	35	32207	Narandiba	5908	5908	353220	3532207
SP	35	32306	Natividade da Serra	7134	7134	353230	3532306
SP	35	32405	Nazaré Paulista	18620	18620	353240	3532405
SP	35	32504	Neves Paulista	9921	9921	353250	3532504
SP	35	32603	Nhandeara	9944	9944	353260	3532603
SP	35	32702	Nipoã	4860	4860	353270	3532702
SP	35	32801	Nova Aliança	6858	6858	353280	3532801
SP	35	32827	Nova Campina	8631	8631	353282	3532827
SP	35	32843	Nova Canaã Paulista	2058	2058	353284	3532843
SP	35	32868	Nova Castilho	1074	1074	353286	3532868
SP	35	32900	Nova Europa	9459	9459	353290	3532900
SP	35	33007	Nova Granada	19725	19725	353300	3533007
SP	35	33106	Nova Guataporanga	2188	2188	353310	3533106
SP	35	33205	Nova Independência	4795	4795	353320	3533205
SP	35	33254	Novais	4469	4469	353325	3533254
SP	35	33304	Nova Luzitânia	2838	2838	353330	3533304
SP	35	33403	Nova Odessa	64228	64228	353340	3533403
SP	35	33502	Novo Horizonte	39435	39435	353350	3533502
SP	35	33601	Nuporanga	7550	7550	353360	3533601
SP	35	33700	Ocauçu	4412	4412	353370	3533700
SP	35	33809	Óleo	2540	2540	353380	3533809
SP	35	33908	Olímpia	56701	56701	353390	3533908
SP	35	34005	Onda Verde	4912	4912	353400	3534005
SP	35	34104	Oriente	6180	6180	353410	3534104
SP	35	34203	Orindiúva	6145	6145	353420	3534203
SP	35	34302	Orlândia	39193	39193	353430	3534302
SP	35	34401	Osasco	756952	756952	353440	3534401
SP	35	34500	Oscar Bressane	2504	2504	353450	3534500
SP	35	34609	Osvaldo Cruz	32099	32099	353460	3534609
SP	35	34708	Ourinhos	106877	106877	353470	3534708
SP	35	34757	Ouroeste	10596	10596	353475	3534757
SP	35	34807	Ouro Verde	7901	7901	353480	3534807
SP	35	34906	Pacaembu	15217	15217	353490	3534906
SP	35	35002	Palestina	11689	11689	353500	3535002
SP	35	35101	Palmares Paulista	9709	9709	353510	3535101
SP	35	35200	Palmeira d'Oeste	8994	8994	353520	3535200
SP	35	35309	Palmital	19767	19767	353530	3535309
SP	35	35408	Panorama	15214	15214	353540	3535408
SP	35	35507	Paraguaçu Paulista	42087	42087	353550	3535507
SP	35	35606	Paraibuna	17950	17950	353560	3535606
SP	35	35705	Paraíso	6211	6211	353570	3535705
SP	35	35804	Paranapanema	19799	19799	353580	3535804
SP	35	35903	Paranapuã	4111	4111	353590	3535903
SP	35	36000	Parapuã	10729	10729	353600	3536000
SP	35	36109	Pardinho	7382	7382	353610	3536109
SP	35	36208	Pariquera-Açu	19576	19576	353620	3536208
SP	35	36257	Parisi	3001	3001	353625	3536257
SP	35	36307	Patrocínio Paulista	14837	14837	353630	3536307
SP	35	36406	Paulicéia	8200	8200	353640	3536406
SP	35	36505	Paulínia	115690	115690	353650	3536505
SP	35	36570	Paulistânia	2146	2146	353657	3536570
SP	35	36604	Paulo de Faria	7430	7430	353660	3536604
SP	35	36703	Pederneiras	46223	46223	353670	3536703
SP	35	36802	Pedra Bela	6718	6718	353680	3536802
SP	35	36901	Pedranópolis	2848	2848	353690	3536901
SP	35	37008	Pedregulho	15742	15742	353700	3537008
SP	35	37107	Pedreira	44332	44332	353710	3537107
SP	35	37156	Pedrinhas Paulista	2838	2838	353715	3537156
SP	35	37206	Pedro de Toledo	11539	11539	353720	3537206
SP	35	37305	Penápolis	63317	63317	353730	3537305
SP	35	37404	Pereira Barreto	24389	24389	353740	3537404
SP	35	37503	Pereiras	8969	8969	353750	3537503
SP	35	37602	Peruíbe	70543	70543	353760	3537602
SP	35	37701	Piacatu	5623	5623	353770	3537701
SP	35	37800	Piedade	54237	54237	353780	3537800
SP	35	37909	Pilar do Sul	28417	28417	353790	3537909
SP	35	38006	Pindamonhangaba	172027	172027	353800	3538006
SP	35	38105	Pindorama	14721	14721	353810	3538105
SP	35	38204	Pinhalzinho	15605	15605	353820	3538204
SP	35	38303	Piquerobi	3296	3296	353830	3538303
SP	35	38501	Piquete	12570	12570	353850	3538501
SP	35	38600	Piracaia	26764	26764	353860	3538600
SP	35	38709	Piracicaba	438827	438827	353870	3538709
SP	35	38808	Piraju	30261	30261	353880	3538808
SP	35	38907	Pirajuí	22743	22743	353890	3538907
SP	35	39004	Pirangi	11076	11076	353900	3539004
SP	35	39103	Pirapora do Bom Jesus	18836	18836	353910	3539103
SP	35	39202	Pirapozinho	26065	26065	353920	3539202
SP	35	39301	Pirassununga	75475	75475	353930	3539301
SP	35	39400	Piratininga	15554	15554	353940	3539400
SP	35	39509	Pitangueiras	34416	34416	353950	3539509
SP	35	39608	Planalto	4454	4454	353960	3539608
SP	35	39707	Platina	3061	3061	353970	3539707
SP	35	39806	Poá	106431	106431	353980	3539806
SP	35	39905	Poloni	5696	5696	353990	3539905
SP	35	40002	Pompéia	20512	20512	354000	3540002
SP	35	40101	Pongaí	3443	3443	354010	3540101
SP	35	40200	Pontal	38376	38376	354020	3540200
SP	35	40259	Pontalinda	4196	4196	354025	3540259
SP	35	40309	Pontes Gestal	2415	2415	354030	3540309
SP	35	40408	Populina	4185	4185	354040	3540408
SP	35	40507	Porangaba	10773	10773	354050	3540507
SP	35	40606	Porto Feliz	58345	58345	354060	3540606
SP	35	40705	Porto Ferreira	53940	53940	354070	3540705
SP	35	40754	Potim	20767	20767	354075	3540754
SP	35	40804	Potirendaba	18994	18994	354080	3540804
SP	35	40853	Pracinha	2599	2599	354085	3540853
SP	35	40903	Pradópolis	17309	17309	354090	3540903
SP	35	41000	Praia Grande	365577	365577	354100	3541000
SP	35	41059	Pratânia	5246	5246	354105	3541059
SP	35	41109	Presidente Alves	3841	3841	354110	3541109
SP	35	41208	Presidente Bernardes	14772	14772	354120	3541208
SP	35	41307	Presidente Epitácio	40383	40383	354130	3541307
SP	35	41406	Presidente Prudente	234083	234083	354140	3541406
SP	35	41505	Presidente Venceslau	35902	35902	354150	3541505
SP	35	41604	Promissão	35991	35991	354160	3541604
SP	35	41653	Quadra	3472	3472	354165	3541653
SP	35	41703	Quatá	13399	13399	354170	3541703
SP	35	41802	Queiroz	3351	3351	354180	3541802
SP	35	41901	Queluz	9146	9146	354190	3541901
SP	35	42008	Quintana	7225	7225	354200	3542008
SP	35	42107	Rafard	9133	9133	354210	3542107
SP	35	42206	Rancharia	29305	29305	354220	3542206
SP	35	42305	Redenção da Serra	4611	4611	354230	3542305
SP	35	42404	Regente Feijó	20565	20565	354240	3542404
SP	35	42503	Reginópolis	7808	7808	354250	3542503
SP	35	42602	Registro	61732	61732	354260	3542602
SP	35	42701	Restinga	6492	6492	354270	3542701
SP	35	42800	Ribeira	3166	3166	354280	3542800
SP	35	42909	Ribeirão Bonito	11079	11079	354290	3542909
SP	35	43006	Ribeirão Branco	18930	18930	354300	3543006
SP	35	43105	Ribeirão Corrente	4706	4706	354310	3543105
SP	35	43204	Ribeirão do Sul	4768	4768	354320	3543204
SP	35	43238	Ribeirão dos Índios	2045	2045	354323	3543238
SP	35	43253	Ribeirão Grande	7570	7570	354325	3543253
SP	35	43303	Ribeirão Pires	118877	118877	354330	3543303
SP	35	43402	Ribeirão Preto	728400	728400	354340	3543402
SP	35	43501	Riversul	5647	5647	354350	3543501
SP	35	43600	Rifaina	4158	4158	354360	3543600
SP	35	43709	Rincão	9145	9145	354370	3543709
SP	35	43808	Rinópolis	9357	9357	354380	3543808
SP	35	43907	Rio Claro	208857	208857	354390	3543907
SP	35	44004	Rio das Pedras	32267	32267	354400	3544004
SP	35	44103	Rio Grande da Serra	45317	45317	354410	3544103
SP	35	44202	Riolândia	10453	10453	354420	3544202
SP	35	44251	Rosana	17533	17533	354425	3544251
SP	35	44301	Roseira	11095	11095	354430	3544301
SP	35	44400	Rubiácea	2741	2741	354440	3544400
SP	35	44509	Rubinéia	3965	3965	354450	3544509
SP	35	44608	Sabino	5185	5185	354460	3544608
SP	35	44707	Sagres	2519	2519	354470	3544707
SP	35	44806	Sales	6612	6612	354480	3544806
SP	35	44905	Sales Oliveira	11654	11654	354490	3544905
SP	35	45001	Salesópolis	15396	15396	354500	3545001
SP	35	45100	Salmourão	4883	4883	354510	3545100
SP	35	45159	Saltinho	8371	8371	354515	3545159
SP	35	45209	Salto	140125	140125	354520	3545209
SP	35	45308	Salto de Pirapora	45138	45138	354530	3545308
SP	35	45407	Salto Grande	9212	9212	354540	3545407
SP	35	45506	Sandovalina	3699	3699	354550	3545506
SP	35	45605	Santa Adélia	14203	14203	354560	3545605
SP	35	45704	Santa Albertina	6543	6543	354570	3545704
SP	35	45803	Santa Bárbara d'Oeste	189338	189338	354580	3545803
SP	35	46009	Santa Branca	14212	14212	354600	3546009
SP	35	46108	Santa Clara d'Oeste	2677	2677	354610	3546108
SP	35	46207	Santa Cruz da Conceição	4365	4365	354620	3546207
SP	35	46256	Santa Cruz da Esperança	2162	2162	354625	3546256
SP	35	46306	Santa Cruz das Palmeiras	29525	29525	354630	3546306
SP	35	46405	Santa Cruz do Rio Pardo	47677	47677	354640	3546405
SP	35	46504	Santa Ernestina	6256	6256	354650	3546504
SP	35	46603	Santa Fé do Sul	36098	36098	354660	3546603
SP	35	46702	Santa Gertrudes	24107	24107	354670	3546702
SP	35	46801	Santa Isabel	54586	54586	354680	3546801
SP	35	46900	Santa Lúcia	7181	7181	354690	3546900
SP	35	47007	Santa Maria da Serra	5314	5314	354700	3547007
SP	35	47106	Santa Mercedes	3012	3012	354710	3547106
SP	35	47205	Santana da Ponte Pensa	1698	1698	354720	3547205
SP	35	47304	Santana de Parnaíba	162341	162341	354730	3547304
SP	35	47403	Santa Rita d'Oeste	2790	2790	354740	3547403
SP	35	47502	Santa Rita do Passa Quatro	25060	25060	354750	3547502
SP	35	47601	Santa Rosa de Viterbo	23725	23725	354760	3547601
SP	35	47650	Santa Salete	1686	1686	354765	3547650
SP	35	47700	Santo Anastácio	18045	18045	354770	3547700
SP	35	47809	Santo André	778711	778711	354780	3547809
SP	35	47908	Santo Antônio da Alegria	6917	6917	354790	3547908
SP	35	48005	Santo Antônio de Posse	23779	23779	354800	3548005
SP	35	48054	Santo Antônio do Aracanguá	8568	8568	354805	3548054
SP	35	48104	Santo Antônio do Jardim	6237	6237	354810	3548104
SP	35	48203	Santo Antônio do Pinhal	7294	7294	354820	3548203
SP	35	48302	Santo Expedito	3063	3063	354830	3548302
SP	35	48401	Santópolis do Aguapeí	3933	3933	354840	3548401
SP	35	48500	Santos	429567	429567	354850	3548500
SP	35	48609	São Bento do Sapucaí	11948	11948	354860	3548609
SP	35	48708	São Bernardo do Campo	840499	840499	354870	3548708
SP	35	48807	São Caetano do Sul	172109	172109	354880	3548807
SP	35	48906	São Carlos	265294	265294	354890	3548906
SP	35	49003	São Francisco	2629	2629	354900	3549003
SP	35	49102	São João da Boa Vista	95762	95762	354910	3549102
SP	35	49201	São João das Duas Pontes	2622	2622	354920	3549201
SP	35	49250	São João de Iracema	1880	1880	354925	3549250
SP	35	49300	São João do Pau d'Alho	2288	2288	354930	3549300
SP	35	49409	São Joaquim da Barra	49815	49815	354940	3549409
SP	35	49508	São José da Bela Vista	7690	7690	354950	3549508
SP	35	49607	São José do Barreiro	3898	3898	354960	3549607
SP	35	49706	São José do Rio Pardo	53416	53416	354970	3549706
SP	35	49805	São José do Rio Preto	501597	501597	354980	3549805
SP	35	49904	São José dos Campos	724756	724756	354990	3549904
SP	35	49953	São Lourenço da Serra	16458	16458	354995	3549953
SP	35	50001	São Luiz do Paraitinga	10497	10497	355000	3550001
SP	35	50100	São Manuel	38166	38166	355010	3550100
SP	35	50209	São Miguel Arcanjo	32904	32904	355020	3550209
SP	35	50308	São Paulo	11895578	11895578	355030	3550308
SP	35	50407	São Pedro	39725	39725	355040	3550407
SP	35	50506	São Pedro do Turvo	7333	7333	355050	3550506
SP	35	50605	São Roque	81342	81342	355060	3550605
SP	35	50704	São Sebastião	84019	84019	355070	3550704
SP	35	50803	São Sebastião da Grama	10484	10484	355080	3550803
SP	35	50902	São Simão	13590	13590	355090	3550902
SP	35	51009	São Vicente	338407	338407	355100	3551009
SP	35	51108	Sarapuí	10632	10632	355110	3551108
SP	35	51207	Sarutaiá	3769	3769	355120	3551207
SP	35	51306	Sebastianópolis do Sul	3187	3187	355130	3551306
SP	35	51405	Serra Azul	13058	13058	355140	3551405
SP	35	51504	Serrana	45408	45408	355150	3551504
SP	35	51603	Serra Negra	30920	30920	355160	3551603
SP	35	51702	Sertãozinho	131600	131600	355170	3551702
SP	35	51801	Sete Barras	12912	12912	355180	3551801
SP	35	51900	Severínia	14724	14724	355190	3551900
SP	35	52007	Silveiras	6313	6313	355200	3552007
SP	35	52106	Socorro	41405	41405	355210	3552106
SP	35	52205	Sorocaba	757459	757459	355220	3552205
SP	35	52304	Sud Mennucci	7466	7466	355230	3552304
SP	35	52403	Sumaré	289787	289787	355240	3552403
SP	35	52502	Suzano	318765	318765	355250	3552502
SP	35	52551	Suzanápolis	3464	3464	355255	3552551
SP	35	52601	Tabapuã	11499	11499	355260	3552601
SP	35	52700	Tabatinga	14994	14994	355270	3552700
SP	35	52809	Taboão da Serra	284274	284274	355280	3552809
SP	35	52908	Taciba	6399	6399	355290	3552908
SP	35	53005	Taguaí	13006	13006	355300	3553005
SP	35	53104	Taiaçu	5751	5751	355310	3553104
SP	35	53203	Taiúva	6733	6733	355320	3553203
SP	35	53302	Tambaú	21682	21682	355330	3553302
SP	35	53401	Tanabi	26021	26021	355340	3553401
SP	35	53500	Tapiraí	8122	8122	355350	3553500
SP	35	53609	Tapiratiba	11936	11936	355360	3553609
SP	35	53658	Taquaral	2652	2652	355365	3553658
SP	35	53708	Taquaritinga	53322	53322	355370	3553708
SP	35	53807	Taquarituba	24863	24863	355380	3553807
SP	35	53856	Taquarivaí	7112	7112	355385	3553856
SP	35	53906	Tarabai	6635	6635	355390	3553906
SP	35	53955	Tarumã	15248	15248	355395	3553955
SP	35	54003	Tatuí	128560	128560	355400	3554003
SP	35	54102	Taubaté	321298	321298	355410	3554102
SP	35	54201	Tejupá	4142	4142	355420	3554201
SP	35	54300	Teodoro Sampaio	22559	22559	355430	3554300
SP	35	54409	Terra Roxa	7985	7985	355440	3554409
SP	35	54508	Tietê	38690	38690	355450	3554508
SP	35	54607	Timburi	2490	2490	355460	3554607
SP	35	54656	Torre de Pedra	2063	2063	355465	3554656
SP	35	54706	Torrinha	9484	9484	355470	3554706
SP	35	54755	Trabiju	1719	1719	355475	3554755
SP	35	54805	Tremembé	53083	53083	355480	3554805
SP	35	54904	Três Fronteiras	7013	7013	355490	3554904
SP	35	54953	Tuiuti	6947	6947	355495	3554953
SP	35	55000	Tupã	65416	65416	355500	3555000
SP	35	55109	Tupi Paulista	16206	16206	355510	3555109
SP	35	55208	Turiúba	1839	1839	355520	3555208
SP	35	55307	Turmalina	1672	1672	355530	3555307
SP	35	55356	Ubarana	5456	5456	355535	3555356
SP	35	55406	Ubatuba	96598	96598	355540	3555406
SP	35	55505	Ubirajara	5265	5265	355550	3555505
SP	35	55604	Uchoa	10627	10627	355560	3555604
SP	35	55703	União Paulista	1628	1628	355570	3555703
SP	35	55802	Urânia	8973	8973	355580	3555802
SP	35	55901	Uru	1419	1419	355590	3555901
SP	35	56008	Urupês	14038	14038	355600	3556008
SP	35	56107	Valentim Gentil	14531	14531	355610	3556107
SP	35	56206	Valinhos	131277	131277	355620	3556206
SP	35	56305	Valparaíso	24723	24723	355630	3556305
SP	35	56354	Vargem	10805	10805	355635	3556354
SP	35	56404	Vargem Grande do Sul	41226	41226	355640	3556404
SP	35	56453	Vargem Grande Paulista	52103	52103	355645	3556453
SP	35	56503	Várzea Paulista	119576	119576	355650	3556503
SP	35	56602	Vera Cruz	10294	10294	355660	3556602
SP	35	56701	Vinhedo	79235	79235	355670	3556701
SP	35	56800	Viradouro	17681	17681	355680	3556800
SP	35	56909	Vista Alegre do Alto	8327	8327	355690	3556909
SP	35	56958	Vitória Brasil	1826	1826	355695	3556958
SP	35	57006	Votorantim	132849	132849	355700	3557006
SP	35	57105	Votuporanga	100159	100159	355710	3557105
SP	35	57154	Zacarias	2761	2761	355715	3557154
SP	35	57204	Chavantes	12411	12411	355720	3557204
SP	35	57303	Estiva Gerbi	11566	11566	355730	3557303
PR	41	00103	Abatiá	7271	7271	410010	4100103
PR	41	00202	Adrianópolis	6327	6327	410020	4100202
PR	41	00301	Agudos do Sul	10646	10646	410030	4100301
PR	41	00400	Almirante Tamandaré	124788	124788	410040	4100400
PR	41	00459	Altamira do Paraná	3543	3543	410045	4100459
PR	41	00509	Altônia	18750	18750	410050	4100509
PR	41	00608	Alto Paraná	14138	14138	410060	4100608
PR	41	00707	Alto Piquiri	9802	9802	410070	4100707
PR	41	00806	Alvorada do Sul	10478	10478	410080	4100806
PR	41	00905	Amaporã	4736	4736	410090	4100905
PR	41	01002	Ampére	20199	20199	410100	4101002
PR	41	01051	Anahy	2965	2965	410105	4101051
PR	41	01101	Andirá	20044	20044	410110	4101101
PR	41	01150	Ângulo	3332	3332	410115	4101150
PR	41	01200	Antonina	18223	18223	410120	4101200
PR	41	01309	Antônio Olinto	7071	7071	410130	4101309
PR	41	01408	Apucarana	134306	134306	410140	4101408
PR	41	01507	Arapongas	123863	123863	410150	4101507
PR	41	01606	Arapoti	26310	26310	410160	4101606
PR	41	01655	Arapuã	3573	3573	410165	4101655
PR	41	01705	Araruna	14824	14824	410170	4101705
PR	41	01804	Araucária	160038	160038	410180	4101804
PR	41	01853	Ariranha do Ivaí	2351	2351	410185	4101853
PR	41	01903	Assaí	13643	13643	410190	4101903
PR	41	02000	Assis Chateaubriand	38105	38105	410200	4102000
PR	41	02109	Astorga	26145	26145	410210	4102109
PR	41	02208	Atalaia	4045	4045	410220	4102208
PR	41	02307	Balsa Nova	13871	13871	410230	4102307
PR	41	02406	Bandeirantes	31807	31807	410240	4102406
PR	41	02505	Barbosa Ferraz	10692	10692	410250	4102505
PR	41	02604	Barracão	9900	9900	410260	4102604
PR	41	02703	Barra do Jacaré	2866	2866	410270	4102703
PR	41	02752	Bela Vista da Caroba	4100	4100	410275	4102752
PR	41	02802	Bela Vista do Paraíso	14998	14998	410280	4102802
PR	41	02901	Bituruna	15689	15689	410290	4102901
PR	41	03008	Boa Esperança	4622	4622	410300	4103008
PR	41	03024	Boa Esperança do Iguaçu	2448	2448	410302	4103024
PR	41	03040	Boa Ventura de São Roque	6244	6244	410304	4103040
PR	41	03057	Boa Vista da Aparecida	8034	8034	410305	4103057
PR	41	03107	Bocaiúva do Sul	13804	13804	410310	4103107
PR	41	03156	Bom Jesus do Sul	4061	4061	410315	4103156
PR	41	03206	Bom Sucesso	6677	6677	410320	4103206
PR	41	03222	Bom Sucesso do Sul	3234	3234	410322	4103222
PR	41	03305	Borrazópolis	7824	7824	410330	4103305
PR	41	03354	Braganey	4802	4802	410335	4103354
PR	41	03370	Brasilândia do Sul	3828	3828	410337	4103370
PR	41	03404	Cafeara	2655	2655	410340	4103404
PR	41	03453	Cafelândia	19844	19844	410345	4103453
PR	41	03479	Cafezal do Sul	4561	4561	410347	4103479
PR	41	03503	Califórnia	8921	8921	410350	4103503
PR	41	03602	Cambará	23430	23430	410360	4103602
PR	41	03701	Cambé	111009	111009	410370	4103701
PR	41	03800	Cambira	9899	9899	410380	4103800
PR	41	03909	Campina da Lagoa	15979	15979	410390	4103909
PR	41	03958	Campina do Simão	3973	3973	410395	4103958
PR	41	04006	Campina Grande do Sul	49971	49971	410400	4104006
PR	41	04055	Campo Bonito	4032	4032	410405	4104055
PR	41	04105	Campo do Tenente	7666	7666	410410	4104105
PR	41	04204	Campo Largo	142695	142695	410420	4104204
PR	41	04253	Campo Magro	31555	31555	410425	4104253
PR	41	04303	Campo Mourão	103340	103340	410430	4104303
PR	41	04402	Cândido de Abreu	15255	15255	410440	4104402
PR	41	04428	Candói	15174	15174	410442	4104428
PR	41	04451	Cantagalo	10799	10799	410445	4104451
PR	41	04501	Capanema	21022	21022	410450	4104501
PR	41	04600	Capitão Leônidas Marques	14796	14796	410460	4104600
PR	41	04659	Carambeí	24159	24159	410465	4104659
PR	41	04709	Carlópolis	17567	17567	410470	4104709
PR	41	04808	Cascavel	364104	364104	410480	4104808
PR	41	04907	Castro	75291	75291	410490	4104907
PR	41	05003	Catanduvas	10627	10627	410500	4105003
PR	41	05102	Centenário do Sul	10936	10936	410510	4105102
PR	41	05201	Cerro Azul	16240	16240	410520	4105201
PR	41	05300	Céu Azul	11251	11251	410530	4105300
PR	41	05409	Chopinzinho	21559	21559	410540	4105409
PR	41	05508	Cianorte	82359	82359	410550	4105508
PR	41	05607	Cidade Gaúcha	11684	11684	410560	4105607
PR	41	05706	Clevelândia	14975	14975	410570	4105706
PR	41	05805	Colombo	240720	240720	410580	4105805
PR	41	05904	Colorado	23278	23278	410590	4105904
PR	41	06001	Congonhinhas	8442	8442	410600	4106001
PR	41	06100	Conselheiro Mairinck	3486	3486	410610	4106100
PR	41	06209	Contenda	19827	19827	410620	4106209
PR	41	06308	Corbélia	17862	17862	410630	4106308
PR	41	06407	Cornélio Procópio	45830	45830	410640	4106407
PR	41	06456	Coronel Domingos Soares	5516	5516	410645	4106456
PR	41	06506	Coronel Vivida	23859	23859	410650	4106506
PR	41	06555	Corumbataí do Sul	3780	3780	410655	4106555
PR	41	06571	Cruzeiro do Iguaçu	4171	4171	410657	4106571
PR	41	06605	Cruzeiro do Oeste	24622	24622	410660	4106605
PR	41	06704	Cruzeiro do Sul	4547	4547	410670	4106704
PR	41	06803	Cruz Machado	15910	15910	410680	4106803
PR	41	06852	Cruzmaltina	2896	2896	410685	4106852
PR	41	06902	Curitiba	1829225	1829225	410690	4106902
PR	41	07009	Curiúva	13802	13802	410700	4107009
PR	41	07108	Diamante do Norte	5164	5164	410710	4107108
PR	41	07124	Diamante do Sul	3170	3170	410712	4107124
PR	41	07157	Diamante D'Oeste	4557	4557	410715	4107157
PR	41	07207	Dois Vizinhos	47014	47014	410720	4107207
PR	41	07256	Douradina	9525	9525	410725	4107256
PR	41	07306	Doutor Camargo	6484	6484	410730	4107306
PR	41	07405	Enéas Marques	6070	6070	410740	4107405
PR	41	07504	Engenheiro Beltrão	12431	12431	410750	4107504
PR	41	07520	Esperança Nova	1858	1858	410752	4107520
PR	41	07538	Entre Rios do Oeste	4729	4729	410753	4107538
PR	41	07546	Espigão Alto do Iguaçu	4881	4881	410754	4107546
PR	41	07553	Farol	3023	3023	410755	4107553
PR	41	07603	Faxinal	16618	16618	410760	4107603
PR	41	07652	Fazenda Rio Grande	161506	161506	410765	4107652
PR	41	07702	Fênix	4512	4512	410770	4107702
PR	41	07736	Fernandes Pinheiro	6387	6387	410773	4107736
PR	41	07751	Figueira	8144	8144	410775	4107751
PR	41	07801	Floraí	4825	4825	410780	4107801
PR	41	07850	Flor da Serra do Sul	4367	4367	410785	4107850
PR	41	07900	Floresta	11226	11226	410790	4107900
PR	41	08007	Florestópolis	11639	11639	410800	4108007
PR	41	08106	Flórida	2704	2704	410810	4108106
PR	41	08205	Formosa do Oeste	7756	7756	410820	4108205
PR	41	08304	Foz do Iguaçu	295500	295500	410830	4108304
PR	41	08320	Francisco Alves	8464	8464	410832	4108320
PR	41	08403	Francisco Beltrão	101302	101302	410840	4108403
PR	41	08452	Foz do Jordão	4925	4925	410845	4108452
PR	41	08502	General Carneiro	10861	10861	410850	4108502
PR	41	08551	Godoy Moreira	2970	2970	410855	4108551
PR	41	08601	Goioerê	28970	28970	410860	4108601
PR	41	08650	Goioxim	6531	6531	410865	4108650
PR	41	08700	Grandes Rios	5586	5586	410870	4108700
PR	41	08809	Guaíra	32966	32966	410880	4108809
PR	41	08908	Guairaçá	6733	6733	410890	4108908
PR	41	08957	Guamiranga	7961	7961	410895	4108957
PR	41	09005	Guapirama	4792	4792	410900	4109005
PR	41	09104	Guaporema	2217	2217	410910	4109104
PR	41	09203	Guaraci	4762	4762	410920	4109203
PR	41	09302	Guaraniaçu	13814	13814	410930	4109302
PR	41	09401	Guarapuava	188710	188710	410940	4109401
PR	41	09500	Guaraqueçaba	7474	7474	410950	4109500
PR	41	09609	Guaratuba	44323	44323	410960	4109609
PR	41	09658	Honório Serpa	4872	4872	410965	4109658
PR	41	09708	Ibaiti	29440	29440	410970	4109708
PR	41	09757	Ibema	6327	6327	410975	4109757
PR	41	09807	Ibiporã	53054	53054	410980	4109807
PR	41	09906	Icaraíma	9139	9139	410990	4109906
PR	41	10003	Iguaraçu	5599	5599	411000	4110003
PR	41	10052	Iguatu	2162	2162	411005	4110052
PR	41	10078	Imbaú	14815	14815	411007	4110078
PR	41	10102	Imbituva	30757	30757	411010	4110102
PR	41	10201	Inácio Martins	9633	9633	411020	4110201
PR	41	10300	Inajá	2510	2510	411030	4110300
PR	41	10409	Indianópolis	4531	4531	411040	4110409
PR	41	10508	Ipiranga	14338	14338	411050	4110508
PR	41	10607	Iporã	16062	16062	411060	4110607
PR	41	10656	Iracema do Oeste	2344	2344	411065	4110656
PR	41	10706	Irati	60796	60796	411070	4110706
PR	41	10805	Iretama	10843	10843	411080	4110805
PR	41	10904	Itaguajé	4532	4532	411090	4110904
PR	41	10953	Itaipulândia	11984	11984	411095	4110953
PR	41	11001	Itambaracá	5874	5874	411100	4111001
PR	41	11100	Itambé	6215	6215	411110	4111100
PR	41	11209	Itapejara d'Oeste	12766	12766	411120	4111209
PR	41	11258	Itaperuçu	32890	32890	411125	4111258
PR	41	11308	Itaúna do Sul	3620	3620	411130	4111308
PR	41	11407	Ivaí	13473	13473	411140	4111407
PR	41	11506	Ivaiporã	33529	33529	411150	4111506
PR	41	11555	Ivaté	6833	6833	411155	4111555
PR	41	11605	Ivatuba	2705	2705	411160	4111605
PR	41	11704	Jaboti	5576	5576	411170	4111704
PR	41	11803	Jacarezinho	41400	41400	411180	4111803
PR	41	11902	Jaguapitã	15719	15719	411190	4111902
PR	41	12009	Jaguariaíva	36231	36231	411200	4112009
PR	41	12108	Jandaia do Sul	21851	21851	411210	4112108
PR	41	12207	Janiópolis	5835	5835	411220	4112207
PR	41	12306	Japira	5060	5060	411230	4112306
PR	41	12405	Japurá	9354	9354	411240	4112405
PR	41	12504	Jardim Alegre	12130	12130	411250	4112504
PR	41	12603	Jardim Olinda	1353	1353	411260	4112603
PR	41	12702	Jataizinho	11971	11971	411270	4112702
PR	41	12751	Jesuítas	10860	10860	411275	4112751
PR	41	12801	Joaquim Távora	12280	12280	411280	4112801
PR	41	12900	Jundiaí do Sul	3366	3366	411290	4112900
PR	41	12959	Juranda	7898	7898	411295	4112959
PR	41	13007	Jussara	6795	6795	411300	4113007
PR	41	13106	Kaloré	4657	4657	411310	4113106
PR	41	13205	Lapa	45857	45857	411320	4113205
PR	41	13254	Laranjal	5575	5575	411325	4113254
PR	41	13304	Laranjeiras do Sul	33103	33103	411330	4113304
PR	41	13403	Leópolis	3751	3751	411340	4113403
PR	41	13429	Lidianópolis	3989	3989	411342	4113429
PR	41	13452	Lindoeste	5226	5226	411345	4113452
PR	41	13502	Loanda	23813	23813	411350	4113502
PR	41	13601	Lobato	4693	4693	411360	4113601
PR	41	13700	Londrina	577318	577318	411370	4113700
PR	41	13734	Luiziana	6696	6696	411373	4113734
PR	41	13759	Lunardelli	4902	4902	411375	4113759
PR	41	13809	Lupionópolis	4911	4911	411380	4113809
PR	41	13908	Mallet	13655	13655	411390	4113908
PR	41	14005	Mamborê	13572	13572	411400	4114005
PR	41	14104	Mandaguaçu	33752	33752	411410	4114104
PR	41	14203	Mandaguari	38050	38050	411420	4114203
PR	41	14302	Mandirituba	28761	28761	411430	4114302
PR	41	14351	Manfrinópolis	2761	2761	411435	4114351
PR	41	14401	Mangueirinha	16764	16764	411440	4114401
PR	41	14500	Manoel Ribas	14576	14576	411450	4114500
PR	41	14609	Marechal Cândido Rondon	58140	58140	411460	4114609
PR	41	14708	Maria Helena	5935	5935	411470	4114708
PR	41	14807	Marialva	44098	44098	411480	4114807
PR	41	14906	Marilândia do Sul	8774	8774	411490	4114906
PR	41	15002	Marilena	7409	7409	411500	4115002
PR	41	15101	Mariluz	9934	9934	411510	4115101
PR	41	15200	Maringá	425983	425983	411520	4115200
PR	41	15309	Mariópolis	6475	6475	411530	4115309
PR	41	15358	Maripá	6767	6767	411535	4115358
PR	41	15408	Marmeleiro	16386	16386	411540	4115408
PR	41	15457	Marquinho	4521	4521	411545	4115457
PR	41	15507	Marumbi	4778	4778	411550	4115507
PR	41	15606	Matelândia	19022	19022	411560	4115606
PR	41	15705	Matinhos	41416	41416	411570	4115705
PR	41	15739	Mato Rico	3237	3237	411573	4115739
PR	41	15754	Mauá da Serra	9628	9628	411575	4115754
PR	41	15804	Medianeira	57120	57120	411580	4115804
PR	41	15853	Mercedes	6136	6136	411585	4115853
PR	41	15903	Mirador	2258	2258	411590	4115903
PR	41	16000	Miraselva	2008	2008	411600	4116000
PR	41	16059	Missal	11301	11301	411605	4116059
PR	41	16109	Moreira Sales	11137	11137	411610	4116109
PR	41	16208	Morretes	18908	18908	411620	4116208
PR	41	16307	Munhoz de Melo	4045	4045	411630	4116307
PR	41	16406	Nossa Senhora das Graças	3685	3685	411640	4116406
PR	41	16505	Nova Aliança do Ivaí	1327	1327	411650	4116505
PR	41	16604	Nova América da Colina	3299	3299	411660	4116604
PR	41	16703	Nova Aurora	14219	14219	411670	4116703
PR	41	16802	Nova Cantu	6799	6799	411680	4116802
PR	41	16901	Nova Esperança	27142	27142	411690	4116901
PR	41	16950	Nova Esperança do Sudoeste	5744	5744	411695	4116950
PR	41	17008	Nova Fátima	7201	7201	411700	4117008
PR	41	17057	Nova Laranjeiras	12287	12287	411705	4117057
PR	41	17107	Nova Londrina	13085	13085	411710	4117107
PR	41	17206	Nova Olímpia	5960	5960	411720	4117206
PR	41	17214	Nova Santa Bárbara	4280	4280	411721	4117214
PR	41	17222	Nova Santa Rosa	8535	8535	411722	4117222
PR	41	17255	Nova Prata do Iguaçu	13196	13196	411725	4117255
PR	41	17271	Nova Tebas	6870	6870	411727	4117271
PR	41	17297	Novo Itacolomi	3210	3210	411729	4117297
PR	41	17305	Ortigueira	24627	24627	411730	4117305
PR	41	17404	Ourizona	3206	3206	411740	4117404
PR	41	17453	Ouro Verde do Oeste	7031	7031	411745	4117453
PR	41	17503	Paiçandu	48207	48207	411750	4117503
PR	41	17602	Palmas	49891	49891	411760	4117602
PR	41	17701	Palmeira	34806	34806	411770	4117701
PR	41	17800	Palmital	12967	12967	411780	4117800
PR	41	17909	Palotina	36623	36623	411790	4117909
PR	41	18006	Paraíso do Norte	13634	13634	411800	4118006
PR	41	18105	Paranacity	9597	9597	411810	4118105
PR	41	18204	Paranaguá	149819	149819	411820	4118204
PR	41	18303	Paranapoema	2378	2378	411830	4118303
PR	41	18402	Paranavaí	95525	95525	411840	4118402
PR	41	18451	Pato Bragado	5939	5939	411845	4118451
PR	41	18501	Pato Branco	96602	96602	411850	4118501
PR	41	18600	Paula Freitas	5778	5778	411860	4118600
PR	41	18709	Paulo Frontin	6369	6369	411870	4118709
PR	41	18808	Peabiru	13496	13496	411880	4118808
PR	41	18857	Perobal	7496	7496	411885	4118857
PR	41	18907	Pérola	12275	12275	411890	4118907
PR	41	19004	Pérola d'Oeste	6235	6235	411900	4119004
PR	41	19103	Piên	14179	14179	411910	4119103
PR	41	19152	Pinhais	131199	131199	411915	4119152
PR	41	19202	Pinhalão	6707	6707	411920	4119202
PR	41	19251	Pinhal de São Bento	2819	2819	411925	4119251
PR	41	19301	Pinhão	30472	30472	411930	4119301
PR	41	19400	Piraí do Sul	24000	24000	411940	4119400
PR	41	19509	Piraquara	124934	124934	411950	4119509
PR	41	19608	Pitanga	34513	34513	411960	4119608
PR	41	19657	Pitangueiras	3121	3121	411965	4119657
PR	41	19707	Planaltina do Paraná	4123	4123	411970	4119707
PR	41	19806	Planalto	14663	14663	411980	4119806
PR	41	19905	Ponta Grossa	372562	372562	411990	4119905
PR	41	19954	Pontal do Paraná	32426	32426	411995	4119954
PR	41	20002	Porecatu	11438	11438	412000	4120002
PR	41	20101	Porto Amazonas	4099	4099	412010	4120101
PR	41	20150	Porto Barreiro	3078	3078	412015	4120150
PR	41	20200	Porto Rico	3316	3316	412020	4120200
PR	41	20309	Porto Vitória	3549	3549	412030	4120309
PR	41	20333	Prado Ferreira	3799	3799	412033	4120333
PR	41	20358	Pranchita	5833	5833	412035	4120358
PR	41	20408	Presidente Castelo Branco	4336	4336	412040	4120408
PR	41	20507	Primeiro de Maio	10121	10121	412050	4120507
PR	41	20606	Prudentópolis	50428	50428	412060	4120606
PR	41	20655	Quarto Centenário	4170	4170	412065	4120655
PR	41	20705	Quatiguá	8357	8357	412070	4120705
PR	41	20804	Quatro Barras	25109	25109	412080	4120804
PR	41	20853	Quatro Pontes	4636	4636	412085	4120853
PR	41	20903	Quedas do Iguaçu	31405	31405	412090	4120903
PR	41	21000	Querência do Norte	10693	10693	412100	4121000
PR	41	21109	Quinta do Sol	5060	5060	412110	4121109
PR	41	21208	Quitandinha	18823	18823	412120	4121208
PR	41	21257	Ramilândia	4293	4293	412125	4121257
PR	41	21307	Rancho Alegre	3501	3501	412130	4121307
PR	41	21356	Rancho Alegre D'Oeste	2638	2638	412135	4121356
PR	41	21406	Realeza	19903	19903	412140	4121406
PR	41	21505	Rebouças	14754	14754	412150	4121505
PR	41	21604	Renascença	6946	6946	412160	4121604
PR	41	21703	Reserva	24851	24851	412170	4121703
PR	41	21752	Reserva do Iguaçu	6543	6543	412175	4121752
PR	41	21802	Ribeirão Claro	12770	12770	412180	4121802
PR	41	21901	Ribeirão do Pinhal	13180	13180	412190	4121901
PR	41	22008	Rio Azul	14214	14214	412200	4122008
PR	41	22107	Rio Bom	3223	3223	412210	4122107
PR	41	22156	Rio Bonito do Iguaçu	14234	14234	412215	4122156
PR	41	22172	Rio Branco do Ivaí	3850	3850	412217	4122172
PR	41	22206	Rio Branco do Sul	39307	39307	412220	4122206
PR	41	22305	Rio Negro	31992	31992	412230	4122305
PR	41	22404	Rolândia	74935	74935	412240	4122404
PR	41	22503	Roncador	11371	11371	412250	4122503
PR	41	22602	Rondon	9240	9240	412260	4122602
PR	41	22651	Rosário do Ivaí	5491	5491	412265	4122651
PR	41	22701	Sabáudia	9320	9320	412270	4122701
PR	41	22800	Salgado Filho	4097	4097	412280	4122800
PR	41	22909	Salto do Itararé	5267	5267	412290	4122909
PR	41	23006	Salto do Lontra	15636	15636	412300	4123006
PR	41	23105	Santa Amélia	3386	3386	412310	4123105
PR	41	23204	Santa Cecília do Pavão	3375	3375	412320	4123204
PR	41	23303	Santa Cruz de Monte Castelo	8806	8806	412330	4123303
PR	41	23402	Santa Fé	11669	11669	412340	4123402
PR	41	23501	Santa Helena	26341	26341	412350	4123501
PR	41	23600	Santa Inês	1760	1760	412360	4123600
PR	41	23709	Santa Isabel do Ivaí	9059	9059	412370	4123709
PR	41	23808	Santa Izabel do Oeste	14385	14385	412380	4123808
PR	41	23824	Santa Lúcia	3657	3657	412382	4123824
PR	41	23857	Santa Maria do Oeste	9985	9985	412385	4123857
PR	41	23907	Santa Mariana	11034	11034	412390	4123907
PR	41	23956	Santa Mônica	3373	3373	412395	4123956
PR	41	24004	Santana do Itararé	5628	5628	412400	4124004
PR	41	24020	Santa Tereza do Oeste	13749	13749	412402	4124020
PR	41	24053	Santa Terezinha de Itaipu	25055	25055	412405	4124053
PR	41	24103	Santo Antônio da Platina	45534	45534	412410	4124103
PR	41	24202	Santo Antônio do Caiuá	2496	2496	412420	4124202
PR	41	24301	Santo Antônio do Paraíso	2116	2116	412430	4124301
PR	41	24400	Santo Antônio do Sudoeste	24644	24644	412440	4124400
PR	41	24509	Santo Inácio	6397	6397	412450	4124509
PR	41	24608	São Carlos do Ivaí	6712	6712	412460	4124608
PR	41	24707	São Jerônimo da Serra	10913	10913	412470	4124707
PR	41	24806	São João	12230	12230	412480	4124806
PR	41	24905	São João do Caiuá	5620	5620	412490	4124905
PR	41	25001	São João do Ivaí	10700	10700	412500	4125001
PR	41	25100	São João do Triunfo	13923	13923	412510	4125100
PR	41	25209	São Jorge d'Oeste	9550	9550	412520	4125209
PR	41	25308	São Jorge do Ivaí	5193	5193	412530	4125308
PR	41	25357	São Jorge do Patrocínio	6659	6659	412535	4125357
PR	41	25407	São José da Boa Vista	6060	6060	412540	4125407
PR	41	25456	São José das Palmeiras	4030	4030	412545	4125456
PR	41	25506	São José dos Pinhais	345644	345644	412550	4125506
PR	41	25555	São Manoel do Paraná	2173	2173	412555	4125555
PR	41	25605	São Mateus do Sul	43413	43413	412560	4125605
PR	41	25704	São Miguel do Iguaçu	30198	30198	412570	4125704
PR	41	25753	São Pedro do Iguaçu	5769	5769	412575	4125753
PR	41	25803	São Pedro do Ivaí	8611	8611	412580	4125803
PR	41	25902	São Pedro do Paraná	2722	2722	412590	4125902
PR	41	26009	São Sebastião da Amoreira	8100	8100	412600	4126009
PR	41	26108	São Tomé	5290	5290	412610	4126108
PR	41	26207	Sapopema	6784	6784	412620	4126207
PR	41	26256	Sarandi	125785	125785	412625	4126256
PR	41	26272	Saudade do Iguaçu	6342	6342	412627	4126272
PR	41	26306	Sengés	17344	17344	412630	4126306
PR	41	26355	Serranópolis do Iguaçu	5138	5138	412635	4126355
PR	41	26405	Sertaneja	5667	5667	412640	4126405
PR	41	26504	Sertanópolis	16183	16183	412650	4126504
PR	41	26603	Siqueira Campos	23712	23712	412660	4126603
PR	41	26652	Sulina	3495	3495	412665	4126652
PR	41	26678	Tamarana	10645	10645	412667	4126678
PR	41	26702	Tamboara	4979	4979	412670	4126702
PR	41	26801	Tapejara	16255	16255	412680	4126801
PR	41	26900	Tapira	5813	5813	412690	4126900
PR	41	27007	Teixeira Soares	9581	9581	412700	4127007
PR	41	27106	Telêmaco Borba	77182	77182	412710	4127106
PR	41	27205	Terra Boa	18048	18048	412720	4127205
PR	41	27304	Terra Rica	14989	14989	412730	4127304
PR	41	27403	Terra Roxa	18548	18548	412740	4127403
PR	41	27502	Tibagi	20304	20304	412750	4127502
PR	41	27601	Tijucas do Sul	18279	18279	412760	4127601
PR	41	27700	Toledo	158620	158620	412770	4127700
PR	41	27809	Tomazina	8495	8495	412780	4127809
PR	41	27858	Três Barras do Paraná	11197	11197	412785	4127858
PR	41	27882	Tunas do Paraná	6302	6302	412788	4127882
PR	41	27908	Tuneiras do Oeste	8095	8095	412790	4127908
PR	41	27957	Tupãssi	8204	8204	412795	4127957
PR	41	27965	Turvo	14443	14443	412796	4127965
PR	41	28005	Ubiratã	25517	25517	412800	4128005
PR	41	28104	Umuarama	121972	121972	412810	4128104
PR	41	28203	União da Vitória	56397	56397	412820	4128203
PR	41	28302	Uniflor	2121	2121	412830	4128302
PR	41	28401	Uraí	10407	10407	412840	4128401
PR	41	28500	Wenceslau Braz	19430	19430	412850	4128500
PR	41	28534	Ventania	9779	9779	412853	4128534
PR	41	28559	Vera Cruz do Oeste	8227	8227	412855	4128559
PR	41	28609	Verê	8051	8051	412860	4128609
PR	41	28625	Alto Paraíso	3077	3077	412862	4128625
PR	41	28633	Doutor Ulysses	5773	5773	412863	4128633
PR	41	28658	Virmond	3842	3842	412865	4128658
PR	41	28708	Vitorino	10280	10280	412870	4128708
PR	41	28807	Xambrê	5851	5851	412880	4128807
SC	42	00051	Abdon Batista	2633	2633	420005	4200051
SC	42	00101	Abelardo Luz	17736	17736	420010	4200101
SC	42	00200	Agrolândia	11491	11491	420020	4200200
SC	42	00309	Agronômica	6394	6394	420030	4200309
SC	42	00408	Água Doce	6625	6625	420040	4200408
SC	42	00507	Águas de Chapecó	6128	6128	420050	4200507
SC	42	00556	Águas Frias	2963	2963	420055	4200556
SC	42	00606	Águas Mornas	7082	7082	420060	4200606
SC	42	00705	Alfredo Wagner	10862	10862	420070	4200705
SC	42	00754	Alto Bela Vista	1860	1860	420075	4200754
SC	42	00804	Anchieta	5984	5984	420080	4200804
SC	42	00903	Angelina	5472	5472	420090	4200903
SC	42	01000	Anita Garibaldi	8367	8367	420100	4201000
SC	42	01109	Anitápolis	3726	3726	420110	4201109
SC	42	01208	Antônio Carlos	12118	12118	420120	4201208
SC	42	01257	Apiúna	10020	10020	420125	4201257
SC	42	01273	Arabutã	4487	4487	420127	4201273
SC	42	01307	Araquari	50178	50178	420130	4201307
SC	42	01406	Araranguá	75597	75597	420140	4201406
SC	42	01505	Armazém	9188	9188	420150	4201505
SC	42	01604	Arroio Trinta	3628	3628	420160	4201604
SC	42	01653	Arvoredo	2600	2600	420165	4201653
SC	42	01703	Ascurra	8635	8635	420170	4201703
SC	42	01802	Atalanta	3270	3270	420180	4201802
SC	42	01901	Aurora	7127	7127	420190	4201901
SC	42	01950	Balneário Arroio do Silva	17215	17215	420195	4201950
SC	42	02008	Balneário Camboriú	148758	148758	420200	4202008
SC	42	02057	Balneário Barra do Sul	16360	16360	420205	4202057
SC	42	02073	Balneário Gaivota	17306	17306	420207	4202073
SC	42	02081	Bandeirante	3243	3243	420208	4202081
SC	42	02099	Barra Bonita	1662	1662	420209	4202099
SC	42	02107	Barra Velha	50730	50730	420210	4202107
SC	42	02131	Bela Vista do Toldo	5950	5950	420213	4202131
SC	42	02156	Belmonte	2709	2709	420215	4202156
SC	42	02206	Benedito Novo	10738	10738	420220	4202206
SC	42	02305	Biguaçu	82028	82028	420230	4202305
SC	42	02404	Blumenau	380597	380597	420240	4202404
SC	42	02438	Bocaina do Sul	3618	3618	420243	4202438
SC	42	02453	Bombinhas	27732	27732	420245	4202453
SC	42	02503	Bom Jardim da Serra	4028	4028	420250	4202503
SC	42	02537	Bom Jesus	2872	2872	420253	4202537
SC	42	02578	Bom Jesus do Oeste	2234	2234	420257	4202578
SC	42	02602	Bom Retiro	8468	8468	420260	4202602
SC	42	02701	Botuverá	5623	5623	420270	4202701
SC	42	02800	Braço do Norte	35534	35534	420280	4202800
SC	42	02859	Braço do Trombudo	4203	4203	420285	4202859
SC	42	02875	Brunópolis	2466	2466	420287	4202875
SC	42	02909	Brusque	151949	151949	420290	4202909
SC	42	03006	Caçador	75998	75998	420300	4203006
SC	42	03105	Caibi	6431	6431	420310	4203105
SC	42	03154	Calmon	3513	3513	420315	4203154
SC	42	03204	Camboriú	113525	113525	420320	4203204
SC	42	03253	Capão Alto	2647	2647	420325	4203253
SC	42	03303	Campo Alegre	12815	12815	420330	4203303
SC	42	03402	Campo Belo do Sul	7342	7342	420340	4203402
SC	42	03501	Campo Erê	9838	9838	420350	4203501
SC	42	03600	Campos Novos	38656	38656	420360	4203600
SC	42	03709	Canelinha	13413	13413	420370	4203709
SC	42	03808	Canoinhas	56721	56721	420380	4203808
SC	42	03907	Capinzal	24176	24176	420390	4203907
SC	42	03956	Capivari de Baixo	24799	24799	420395	4203956
SC	42	04004	Catanduvas	10938	10938	420400	4204004
SC	42	04103	Caxambu do Sul	4732	4732	420410	4204103
SC	42	04152	Celso Ramos	2860	2860	420415	4204152
SC	42	04178	Cerro Negro	3326	3326	420417	4204178
SC	42	04194	Chapadão do Lageado	3036	3036	420419	4204194
SC	42	04202	Chapecó	275959	275959	420420	4204202
SC	42	04251	Cocal do Sul	17912	17912	420425	4204251
SC	42	04301	Concórdia	85982	85982	420430	4204301
SC	42	04350	Cordilheira Alta	5099	5099	420435	4204350
SC	42	04400	Coronel Freitas	10583	10583	420440	4204400
SC	42	04459	Coronel Martins	2028	2028	420445	4204459
SC	42	04509	Corupá	15781	15781	420450	4204509
SC	42	04558	Correia Pinto	16163	16163	420455	4204558
SC	42	04608	Criciúma	225281	225281	420460	4204608
SC	42	04707	Cunha Porã	11208	11208	420470	4204707
SC	42	04756	Cunhataí	2018	2018	420475	4204756
SC	42	04806	Curitibanos	41512	41512	420480	4204806
SC	42	04905	Descanso	8660	8660	420490	4204905
SC	42	05001	Dionísio Cerqueira	15294	15294	420500	4205001
SC	42	05100	Dona Emma	4388	4388	420510	4205100
SC	42	05159	Doutor Pedrinho	3719	3719	420515	4205159
SC	42	05175	Entre Rios	3525	3525	420517	4205175
SC	42	05191	Ermo	2349	2349	420519	4205191
SC	42	05209	Erval Velho	5081	5081	420520	4205209
SC	42	05308	Faxinal dos Guedes	11486	11486	420530	4205308
SC	42	05357	Flor do Sertão	1850	1850	420535	4205357
SC	42	05407	Florianópolis	576361	576361	420540	4205407
SC	42	05431	Formosa do Sul	2743	2743	420543	4205431
SC	42	05456	Forquilhinha	33929	33929	420545	4205456
SC	42	05506	Fraiburgo	34148	34148	420550	4205506
SC	42	05555	Frei Rogério	2442	2442	420555	4205555
SC	42	05605	Galvão	3200	3200	420560	4205605
SC	42	05704	Garopaba	32962	32962	420570	4205704
SC	42	05803	Garuva	19554	19554	420580	4205803
SC	42	05902	Gaspar	76982	76982	420590	4205902
SC	42	06009	Governador Celso Ramos	17920	17920	420600	4206009
SC	42	06108	Grão-Pará	6397	6397	420610	4206108
SC	42	06207	Gravatal	12989	12989	420620	4206207
SC	42	06306	Guabiruba	26082	26082	420630	4206306
SC	42	06405	Guaraciaba	11040	11040	420640	4206405
SC	42	06504	Guaramirim	49941	49941	420650	4206504
SC	42	06603	Guarujá do Sul	4899	4899	420660	4206603
SC	42	06652	Guatambú	9267	9267	420665	4206652
SC	42	06702	Herval d'Oeste	22173	22173	420670	4206702
SC	42	06751	Ibiam	2055	2055	420675	4206751
SC	42	06801	Ibicaré	3304	3304	420680	4206801
SC	42	06900	Ibirama	20663	20663	420690	4206900
SC	42	07007	Içara	62455	62455	420700	4207007
SC	42	07106	Ilhota	18197	18197	420710	4207106
SC	42	07205	Imaruí	12127	12127	420720	4207205
SC	42	07304	Imbituba	56107	56107	420730	4207304
SC	42	07403	Imbuia	6139	6139	420740	4207403
SC	42	07502	Indaial	76333	76333	420750	4207502
SC	42	07577	Iomerê	2953	2953	420757	4207577
SC	42	07601	Ipira	4635	4635	420760	4207601
SC	42	07650	Iporã do Oeste	9672	9672	420765	4207650
SC	42	07684	Ipuaçu	8046	8046	420768	4207684
SC	42	07700	Ipumirim	8065	8065	420770	4207700
SC	42	07759	Iraceminha	4005	4005	420775	4207759
SC	42	07809	Irani	10497	10497	420780	4207809
SC	42	07858	Irati	2100	2100	420785	4207858
SC	42	07908	Irineópolis	10437	10437	420790	4207908
SC	42	08005	Itá	7310	7310	420800	4208005
SC	42	08104	Itaiópolis	22741	22741	420810	4208104
SC	42	08203	Itajaí	287289	287289	420820	4208203
SC	42	08302	Itapema	83330	83330	420830	4208302
SC	42	08401	Itapiranga	17149	17149	420840	4208401
SC	42	08450	Itapoá	34546	34546	420845	4208450
SC	42	08500	Ituporanga	28042	28042	420850	4208500
SC	42	08609	Jaborá	4435	4435	420860	4208609
SC	42	08708	Jacinto Machado	10813	10813	420870	4208708
SC	42	08807	Jaguaruna	21284	21284	420880	4208807
SC	42	08906	Jaraguá do Sul	195753	195753	420890	4208906
SC	42	08955	Jardinópolis	1808	1808	420895	4208955
SC	42	09003	Joaçaba	31509	31509	420900	4209003
SC	42	09102	Joinville	654888	654888	420910	4209102
SC	42	09151	José Boiteux	6307	6307	420915	4209151
SC	42	09177	Jupiá	2675	2675	420917	4209177
SC	42	09201	Lacerdópolis	2296	2296	420920	4209201
SC	42	09300	Lages	171609	171609	420930	4209300
SC	42	09409	Laguna	43992	43992	420940	4209409
SC	42	09458	Lajeado Grande	1771	1771	420945	4209458
SC	42	09508	Laurentino	8427	8427	420950	4209508
SC	42	09607	Lauro Müller	14622	14622	420960	4209607
SC	42	09706	Lebon Régis	11605	11605	420970	4209706
SC	42	09805	Leoberto Leal	3381	3381	420980	4209805
SC	42	09854	Lindóia do Sul	4611	4611	420985	4209854
SC	42	09904	Lontras	13586	13586	420990	4209904
SC	42	10001	Luiz Alves	12126	12126	421000	4210001
SC	42	10035	Luzerna	5931	5931	421003	4210035
SC	42	10050	Macieira	1800	1800	421005	4210050
SC	42	10100	Mafra	57023	57023	421010	4210100
SC	42	10209	Major Gercino	3258	3258	421020	4210209
SC	42	10308	Major Vieira	7545	7545	421030	4210308
SC	42	10407	Maracajá	8213	8213	421040	4210407
SC	42	10506	Maravilha	30155	30155	421050	4210506
SC	42	10555	Marema	2219	2219	421055	4210555
SC	42	10605	Massaranduba	17897	17897	421060	4210605
SC	42	10704	Matos Costa	2795	2795	421070	4210704
SC	42	10803	Meleiro	7127	7127	421080	4210803
SC	42	10852	Mirim Doce	2554	2554	421085	4210852
SC	42	10902	Modelo	4156	4156	421090	4210902
SC	42	11009	Mondaí	10216	10216	421100	4211009
SC	42	11058	Monte Carlo	9235	9235	421105	4211058
SC	42	11108	Monte Castelo	7787	7787	421110	4211108
SC	42	11207	Morro da Fumaça	19265	19265	421120	4211207
SC	42	11256	Morro Grande	3085	3085	421125	4211256
SC	42	11306	Navegantes	93619	93619	421130	4211306
SC	42	11405	Nova Erechim	5408	5408	421140	4211405
SC	42	11454	Nova Itaberaba	4648	4648	421145	4211454
SC	42	11504	Nova Trento	14252	14252	421150	4211504
SC	42	11603	Nova Veneza	13968	13968	421160	4211603
SC	42	11652	Novo Horizonte	2670	2670	421165	4211652
SC	42	11702	Orleans	24474	24474	421170	4211702
SC	42	11751	Otacílio Costa	17780	17780	421175	4211751
SC	42	11801	Ouro	7091	7091	421180	4211801
SC	42	11850	Ouro Verde	2203	2203	421185	4211850
SC	42	11876	Paial	1992	1992	421187	4211876
SC	42	11892	Painel	2228	2228	421189	4211892
SC	42	11900	Palhoça	245477	245477	421190	4211900
SC	42	12007	Palma Sola	7709	7709	421200	4212007
SC	42	12056	Palmeira	2640	2640	421205	4212056
SC	42	12106	Palmitos	15812	15812	421210	4212106
SC	42	12205	Papanduva	19667	19667	421220	4212205
SC	42	12239	Paraíso	4376	4376	421223	4212239
SC	42	12254	Passo de Torres	14284	14284	421225	4212254
SC	42	12270	Passos Maia	4032	4032	421227	4212270
SC	42	12304	Paulo Lopes	9661	9661	421230	4212304
SC	42	12403	Pedras Grandes	4343	4343	421240	4212403
SC	42	12502	Penha	36124	36124	421250	4212502
SC	42	12601	Peritiba	3039	3039	421260	4212601
SC	42	12650	Pescaria Brava	10531	10531	421265	4212650
SC	42	12700	Petrolândia	6942	6942	421270	4212700
SC	42	12809	Balneário Piçarras	29725	29725	421280	4212809
SC	42	12908	Pinhalzinho	23379	23379	421290	4212908
SC	42	13005	Pinheiro Preto	3598	3598	421300	4213005
SC	42	13104	Piratuba	6053	6053	421310	4213104
SC	42	13153	Planalto Alegre	3053	3053	421315	4213153
SC	42	13203	Pomerode	36392	36392	421320	4213203
SC	42	13302	Ponte Alta	4430	4430	421330	4213302
SC	42	13351	Ponte Alta do Norte	3249	3249	421335	4213351
SC	42	13401	Ponte Serrada	10764	10764	421340	4213401
SC	42	13500	Porto Belo	30590	30590	421350	4213500
SC	42	13609	Porto União	33727	33727	421360	4213609
SC	42	13708	Pouso Redondo	17836	17836	421370	4213708
SC	42	13807	Praia Grande	8602	8602	421380	4213807
SC	42	13906	Presidente Castello Branco	1711	1711	421390	4213906
SC	42	14003	Presidente Getúlio	21293	21293	421400	4214003
SC	42	14102	Presidente Nereu	2345	2345	421410	4214102
SC	42	14151	Princesa	3054	3054	421415	4214151
SC	42	14201	Quilombo	11359	11359	421420	4214201
SC	42	14300	Rancho Queimado	3435	3435	421430	4214300
SC	42	14409	Rio das Antas	6386	6386	421440	4214409
SC	42	14508	Rio do Campo	6613	6613	421450	4214508
SC	42	14607	Rio do Oeste	8008	8008	421460	4214607
SC	42	14706	Rio dos Cedros	11163	11163	421470	4214706
SC	42	14805	Rio do Sul	76390	76390	421480	4214805
SC	42	14904	Rio Fortuna	5006	5006	421490	4214904
SC	42	15000	Rio Negrinho	40168	40168	421500	4215000
SC	42	15059	Rio Rufino	2432	2432	421505	4215059
SC	42	15075	Riqueza	4835	4835	421507	4215075
SC	42	15109	Rodeio	13321	13321	421510	4215109
SC	42	15208	Romelândia	4757	4757	421520	4215208
SC	42	15307	Salete	7643	7643	421530	4215307
SC	42	15356	Saltinho	3633	3633	421535	4215356
SC	42	15406	Salto Veloso	4486	4486	421540	4215406
SC	42	15455	Sangão	13567	13567	421545	4215455
SC	42	15505	Santa Cecília	15764	15764	421550	4215505
SC	42	15554	Santa Helena	2473	2473	421555	4215554
SC	42	15604	Santa Rosa de Lima	2128	2128	421560	4215604
SC	42	15653	Santa Rosa do Sul	10288	10288	421565	4215653
SC	42	15679	Santa Terezinha	8077	8077	421567	4215679
SC	42	15687	Santa Terezinha do Progresso	2562	2562	421568	4215687
SC	42	15695	Santiago do Sul	1714	1714	421569	4215695
SC	42	15703	Santo Amaro da Imperatriz	29392	29392	421570	4215703
SC	42	15752	São Bernardino	2719	2719	421575	4215752
SC	42	15802	São Bento do Sul	86851	86851	421580	4215802
SC	42	15901	São Bonifácio	2986	2986	421590	4215901
SC	42	16008	São Carlos	10460	10460	421600	4216008
SC	42	16057	São Cristóvão do Sul	6389	6389	421605	4216057
SC	42	16107	São Domingos	9356	9356	421610	4216107
SC	42	16206	São Francisco do Sul	55784	55784	421620	4216206
SC	42	16255	São João do Oeste	6446	6446	421625	4216255
SC	42	16305	São João Batista	34733	34733	421630	4216305
SC	42	16354	São João do Itaperiú	4732	4732	421635	4216354
SC	42	16404	São João do Sul	9126	9126	421640	4216404
SC	42	16503	São Joaquim	26852	26852	421650	4216503
SC	42	16602	São José	289949	289949	421660	4216602
SC	42	16701	São José do Cedro	14491	14491	421670	4216701
SC	42	16800	São José do Cerrito	8755	8755	421680	4216800
SC	42	16909	São Lourenço do Oeste	25770	25770	421690	4216909
SC	42	17006	São Ludgero	14211	14211	421700	4217006
SC	42	17105	São Martinho	3501	3501	421710	4217105
SC	42	17154	São Miguel da Boa Vista	1788	1788	421715	4217154
SC	42	17204	São Miguel do Oeste	46969	46969	421720	4217204
SC	42	17253	São Pedro de Alcântara	6076	6076	421725	4217253
SC	42	17303	Saudades	10680	10680	421730	4217303
SC	42	17402	Schroeder	21273	21273	421740	4217402
SC	42	17501	Seara	19241	19241	421750	4217501
SC	42	17550	Serra Alta	3367	3367	421755	4217550
SC	42	17600	Siderópolis	14087	14087	421760	4217600
SC	42	17709	Sombrio	31397	31397	421770	4217709
SC	42	17758	Sul Brasil	2894	2894	421775	4217758
SC	42	17808	Taió	18808	18808	421780	4217808
SC	42	17907	Tangará	8189	8189	421790	4217907
SC	42	17956	Tigrinhos	2480	2480	421795	4217956
SC	42	18004	Tijucas	56674	56674	421800	4218004
SC	42	18103	Timbé do Sul	5495	5495	421810	4218103
SC	42	18202	Timbó	48903	48903	421820	4218202
SC	42	18251	Timbó Grande	7503	7503	421825	4218251
SC	42	18301	Três Barras	20373	20373	421830	4218301
SC	42	18350	Treviso	3895	3895	421835	4218350
SC	42	18400	Treze de Maio	7585	7585	421840	4218400
SC	42	18509	Treze Tílias	9308	9308	421850	4218509
SC	42	18608	Trombudo Central	7532	7532	421860	4218608
SC	42	18707	Tubarão	115495	115495	421870	4218707
SC	42	18756	Tunápolis	5054	5054	421875	4218756
SC	42	18806	Turvo	13492	13492	421880	4218806
SC	42	18855	União do Oeste	2801	2801	421885	4218855
SC	42	18905	Urubici	11048	11048	421890	4218905
SC	42	18954	Urupema	2735	2735	421895	4218954
SC	42	19002	Urussanga	21395	21395	421900	4219002
SC	42	19101	Vargeão	3716	3716	421910	4219101
SC	42	19150	Vargem	2632	2632	421915	4219150
SC	42	19176	Vargem Bonita	4615	4615	421917	4219176
SC	42	19200	Vidal Ramos	6275	6275	421920	4219200
SC	42	19309	Videira	58299	58299	421930	4219309
SC	42	19358	Vitor Meireles	5492	5492	421935	4219358
SC	42	19408	Witmarsum	4451	4451	421940	4219408
SC	42	19507	Xanxerê	54194	54194	421950	4219507
SC	42	19606	Xavantina	3627	3627	421960	4219606
SC	42	19705	Xaxim	33902	33902	421970	4219705
SC	42	19853	Zortéa	4170	4170	421985	4219853
SC	42	20000	Balneário Rincão	17226	17226	422000	4220000
RS	43	00034	Aceguá	4253	4253	430003	4300034
RS	43	00059	Água Santa	4000	4000	430005	4300059
RS	43	00109	Agudo	16346	16346	430010	4300109
RS	43	00208	Ajuricaba	6848	6848	430020	4300208
RS	43	00307	Alecrim	6228	6228	430030	4300307
RS	43	00406	Alegrete	74329	74329	430040	4300406
RS	43	00455	Alegria	3711	3711	430045	4300455
RS	43	00471	Almirante Tamandaré do Sul	2008	2008	430047	4300471
RS	43	00505	Alpestre	7243	7243	430050	4300505
RS	43	00554	Alto Alegre	1837	1837	430055	4300554
RS	43	00570	Alto Feliz	3143	3143	430057	4300570
RS	43	00604	Alvorada	194116	194116	430060	4300604
RS	43	00638	Amaral Ferrador	5394	5394	430063	4300638
RS	43	00646	Ametista do Sul	7822	7822	430064	4300646
RS	43	00661	André da Rocha	1157	1157	430066	4300661
RS	43	00703	Anta Gorda	6080	6080	430070	4300703
RS	43	00802	Antônio Prado	13328	13328	430080	4300802
RS	43	00851	Arambaré	4211	4211	430085	4300851
RS	43	00877	Araricá	8794	8794	430087	4300877
RS	43	00901	Aratiba	6618	6618	430090	4300901
RS	43	01008	Arroio do Meio	22490	22490	430100	4301008
RS	43	01057	Arroio do Sal	11384	11384	430105	4301057
RS	43	01073	Arroio do Padre	2651	2651	430107	4301073
RS	43	01107	Arroio dos Ratos	14923	14923	430110	4301107
RS	43	01206	Arroio do Tigre	12296	12296	430120	4301206
RS	43	01305	Arroio Grande	17887	17887	430130	4301305
RS	43	01404	Arvorezinha	10545	10545	430140	4301404
RS	43	01503	Augusto Pestana	7302	7302	430150	4301503
RS	43	01552	Áurea	3460	3460	430155	4301552
RS	43	01602	Bagé	121900	121900	430160	4301602
RS	43	01636	Balneário Pinhal	15371	15371	430163	4301636
RS	43	01651	Barão	6489	6489	430165	4301651
RS	43	01701	Barão de Cotegipe	7313	7313	430170	4301701
RS	43	01750	Barão do Triunfo	5983	5983	430175	4301750
RS	43	01800	Barracão	4920	4920	430180	4301800
RS	43	01859	Barra do Guarita	3230	3230	430185	4301859
RS	43	01875	Barra do Quaraí	4337	4337	430187	4301875
RS	43	01909	Barra do Ribeiro	12475	12475	430190	4301909
RS	43	01925	Barra do Rio Azul	1724	1724	430192	4301925
RS	43	01958	Barra Funda	2555	2555	430195	4301958
RS	43	02006	Barros Cassal	9442	9442	430200	4302006
RS	43	02055	Benjamin Constant do Sul	2120	2120	430205	4302055
RS	43	02105	Bento Gonçalves	127775	127775	430210	4302105
RS	43	02154	Boa Vista das Missões	1969	1969	430215	4302154
RS	43	02204	Boa Vista do Buricá	7125	7125	430220	4302204
RS	43	02220	Boa Vista do Cadeado	2271	2271	430222	4302220
RS	43	02238	Boa Vista do Incra	2315	2315	430223	4302238
RS	43	02253	Boa Vista do Sul	2815	2815	430225	4302253
RS	43	02303	Bom Jesus	11431	11431	430230	4302303
RS	43	02352	Bom Princípio	13650	13650	430235	4302352
RS	43	02378	Bom Progresso	2134	2134	430237	4302378
RS	43	02402	Bom Retiro do Sul	12578	12578	430240	4302402
RS	43	02451	Boqueirão do Leão	6215	6215	430245	4302451
RS	43	02501	Bossoroca	5988	5988	430250	4302501
RS	43	02584	Bozano	2195	2195	430258	4302584
RS	43	02600	Braga	3326	3326	430260	4302600
RS	43	02659	Brochier	5079	5079	430265	4302659
RS	43	02709	Butiá	19433	19433	430270	4302709
RS	43	02808	Caçapava do Sul	33508	33508	430280	4302808
RS	43	02907	Cacequi	11324	11324	430290	4302907
RS	43	03004	Cachoeira do Sul	82250	82250	430300	4303004
RS	43	03103	Cachoeirinha	141303	141303	430310	4303103
RS	43	03202	Cacique Doble	4694	4694	430320	4303202
RS	43	03301	Caibaté	4797	4797	430330	4303301
RS	43	03400	Caiçara	4933	4933	430340	4303400
RS	43	03509	Camaquã	63959	63959	430350	4303509
RS	43	03558	Camargo	3056	3056	430355	4303558
RS	43	03608	Cambará do Sul	6492	6492	430360	4303608
RS	43	03673	Campestre da Serra	3311	3311	430367	4303673
RS	43	03707	Campina das Missões	6001	6001	430370	4303707
RS	43	03806	Campinas do Sul	5390	5390	430380	4303806
RS	43	03905	Campo Bom	64704	64704	430390	4303905
RS	43	04002	Campo Novo	5068	5068	430400	4304002
RS	43	04101	Campos Borges	3693	3693	430410	4304101
RS	43	04200	Candelária	29783	29783	430420	4304200
RS	43	04309	Cândido Godói	6421	6421	430430	4304309
RS	43	04358	Candiota	10992	10992	430435	4304358
RS	43	04408	Canela	50613	50613	430440	4304408
RS	43	04507	Canguçu	50998	50998	430450	4304507
RS	43	04606	Canoas	359554	359554	430460	4304606
RS	43	04614	Canudos do Vale	1687	1687	430461	4304614
RS	43	04622	Capão Bonito do Sul	1769	1769	430462	4304622
RS	43	04630	Capão da Canoa	66012	66012	430463	4304630
RS	43	04655	Capão do Cipó	3186	3186	430465	4304655
RS	43	04663	Capão do Leão	27389	27389	430466	4304663
RS	43	04671	Capivari do Sul	4079	4079	430467	4304671
RS	43	04689	Capela de Santana	11416	11416	430468	4304689
RS	43	04697	Capitão	2991	2991	430469	4304697
RS	43	04705	Carazinho	63638	63638	430470	4304705
RS	43	04713	Caraá	7553	7553	430471	4304713
RS	43	04804	Carlos Barbosa	31528	31528	430480	4304804
RS	43	04853	Carlos Gomes	1387	1387	430485	4304853
RS	43	04903	Casca	9689	9689	430490	4304903
RS	43	04952	Caseiros	3064	3064	430495	4304952
RS	43	05009	Catuípe	8840	8840	430500	4305009
RS	43	05108	Caxias do Sul	479256	479256	430510	4305108
RS	43	05116	Centenário	2779	2779	430511	4305116
RS	43	05124	Cerrito	5915	5915	430512	4305124
RS	43	05132	Cerro Branco	3865	3865	430513	4305132
RS	43	05157	Cerro Grande	2429	2429	430515	4305157
RS	43	05173	Cerro Grande do Sul	9343	9343	430517	4305173
RS	43	05207	Cerro Largo	14009	14009	430520	4305207
RS	43	05306	Chapada	9748	9748	430530	4305306
RS	43	05355	Charqueadas	36109	36109	430535	4305355
RS	43	05371	Charrua	2807	2807	430537	4305371
RS	43	05405	Chiapetta	3992	3992	430540	4305405
RS	43	05439	Chuí	6405	6405	430543	4305439
RS	43	05447	Chuvisca	4686	4686	430544	4305447
RS	43	05454	Cidreira	17538	17538	430545	4305454
RS	43	05504	Ciríaco	4215	4215	430550	4305504
RS	43	05587	Colinas	2474	2474	430558	4305587
RS	43	05603	Colorado	3319	3319	430560	4305603
RS	43	05702	Condor	6539	6539	430570	4305702
RS	43	05801	Constantina	10623	10623	430580	4305801
RS	43	05835	Coqueiro Baixo	1311	1311	430583	4305835
RS	43	05850	Coqueiros do Sul	2251	2251	430585	4305850
RS	43	05871	Coronel Barros	2892	2892	430587	4305871
RS	43	05900	Coronel Bicaco	6230	6230	430590	4305900
RS	43	05934	Coronel Pilar	1638	1638	430593	4305934
RS	43	05959	Cotiporã	3926	3926	430595	4305959
RS	43	05975	Coxilha	2719	2719	430597	4305975
RS	43	06007	Crissiumal	13127	13127	430600	4306007
RS	43	06056	Cristal	7454	7454	430605	4306056
RS	43	06072	Cristal do Sul	2746	2746	430607	4306072
RS	43	06106	Cruz Alta	60486	60486	430610	4306106
RS	43	06130	Cruzaltense	1655	1655	430613	4306130
RS	43	06205	Cruzeiro do Sul	12571	12571	430620	4306205
RS	43	06304	David Canabarro	4403	4403	430630	4306304
RS	43	06320	Derrubadas	2797	2797	430632	4306320
RS	43	06353	Dezesseis de Novembro	2544	2544	430635	4306353
RS	43	06379	Dilermando de Aguiar	2859	2859	430637	4306379
RS	43	06403	Dois Irmãos	31769	31769	430640	4306403
RS	43	06429	Dois Irmãos das Missões	2133	2133	430642	4306429
RS	43	06452	Dois Lajeados	3158	3158	430645	4306452
RS	43	06502	Dom Feliciano	13291	13291	430650	4306502
RS	43	06551	Dom Pedro de Alcântara	2617	2617	430655	4306551
RS	43	06601	Dom Pedrito	38094	38094	430660	4306601
RS	43	06700	Dona Francisca	3136	3136	430670	4306700
RS	43	06734	Doutor Maurício Cardoso	4542	4542	430673	4306734
RS	43	06759	Doutor Ricardo	1925	1925	430675	4306759
RS	43	06767	Eldorado do Sul	40954	40954	430676	4306767
RS	43	06809	Encantado	23494	23494	430680	4306809
RS	43	06908	Encruzilhada do Sul	24280	24280	430690	4306908
RS	43	06924	Engenho Velho	1317	1317	430692	4306924
RS	43	06932	Entre-Ijuís	9364	9364	430693	4306932
RS	43	06957	Entre Rios do Sul	2731	2731	430695	4306957
RS	43	06973	Erebango	3121	3121	430697	4306973
RS	43	07005	Erechim	109497	109497	430700	4307005
RS	43	07054	Ernestina	3097	3097	430705	4307054
RS	43	07104	Herval	6307	6307	430710	4307104
RS	43	07203	Erval Grande	5029	5029	430720	4307203
RS	43	07302	Erval Seco	6902	6902	430730	4307302
RS	43	07401	Esmeralda	3264	3264	430740	4307401
RS	43	07450	Esperança do Sul	3294	3294	430745	4307450
RS	43	07500	Espumoso	15478	15478	430750	4307500
RS	43	07559	Estação	5688	5688	430755	4307559
RS	43	07609	Estância Velha	49440	49440	430760	4307609
RS	43	07708	Esteio	78181	78181	430770	4307708
RS	43	07807	Estrela	33243	33243	430780	4307807
RS	43	07815	Estrela Velha	3120	3120	430781	4307815
RS	43	07831	Eugênio de Castro	2685	2685	430783	4307831
RS	43	07864	Fagundes Varela	2620	2620	430786	4307864
RS	43	07906	Farroupilha	72477	72477	430790	4307906
RS	43	08003	Faxinal do Soturno	6846	6846	430800	4308003
RS	43	08052	Faxinalzinho	2572	2572	430805	4308052
RS	43	08078	Fazenda Vilanova	4399	4399	430807	4308078
RS	43	08102	Feliz	13979	13979	430810	4308102
RS	43	08201	Flores da Cunha	31973	31973	430820	4308201
RS	43	08250	Floriano Peixoto	1694	1694	430825	4308250
RS	43	08300	Fontoura Xavier	9721	9721	430830	4308300
RS	43	08409	Formigueiro	6533	6533	430840	4308409
RS	43	08433	Forquetinha	2441	2441	430843	4308433
RS	43	08458	Fortaleza dos Valos	4569	4569	430845	4308458
RS	43	08508	Frederico Westphalen	33684	33684	430850	4308508
RS	43	08607	Garibaldi	35522	35522	430860	4308607
RS	43	08656	Garruchos	2729	2729	430865	4308656
RS	43	08706	Gaurama	5780	5780	430870	4308706
RS	43	08805	General Câmara	7751	7751	430880	4308805
RS	43	08854	Gentil	1783	1783	430885	4308854
RS	43	08904	Getúlio Vargas	16950	16950	430890	4308904
RS	43	09001	Giruá	16282	16282	430900	4309001
RS	43	09050	Glorinha	7842	7842	430905	4309050
RS	43	09100	Gramado	41621	41621	430910	4309100
RS	43	09126	Gramado dos Loureiros	2049	2049	430912	4309126
RS	43	09159	Gramado Xavier	3356	3356	430915	4309159
RS	43	09209	Gravataí	275294	275294	430920	4309209
RS	43	09258	Guabiju	1442	1442	430925	4309258
RS	43	09308	Guaíba	95956	95956	430930	4309308
RS	43	09407	Guaporé	26138	26138	430940	4309407
RS	43	09506	Guarani das Missões	7553	7553	430950	4309506
RS	43	09555	Harmonia	5524	5524	430955	4309555
RS	43	09571	Herveiras	2608	2608	430957	4309571
RS	43	09605	Horizontina	19246	19246	430960	4309605
RS	43	09654	Hulha Negra	6102	6102	430965	4309654
RS	43	09704	Humaitá	4774	4774	430970	4309704
RS	43	09753	Ibarama	3793	3793	430975	4309753
RS	43	09803	Ibiaçá	4618	4618	430980	4309803
RS	43	09902	Ibiraiaras	6830	6830	430990	4309902
RS	43	09951	Ibirapuitã	3793	3793	430995	4309951
RS	43	10009	Ibirubá	22082	22082	431000	4310009
RS	43	10108	Igrejinha	34763	34763	431010	4310108
RS	43	10207	Ijuí	87775	87775	431020	4310207
RS	43	10306	Ilópolis	4245	4245	431030	4310306
RS	43	10330	Imbé	27931	27931	431033	4310330
RS	43	10363	Imigrante	3148	3148	431036	4310363
RS	43	10405	Independência	6558	6558	431040	4310405
RS	43	10413	Inhacorá	2049	2049	431041	4310413
RS	43	10439	Ipê	5496	5496	431043	4310439
RS	43	10462	Ipiranga do Sul	1750	1750	431046	4310462
RS	43	10504	Iraí	7624	7624	431050	4310504
RS	43	10538	Itaara	5706	5706	431053	4310538
RS	43	10553	Itacurubi	3042	3042	431055	4310553
RS	43	10579	Itapuca	1967	1967	431057	4310579
RS	43	10603	Itaqui	36830	36830	431060	4310603
RS	43	10652	Itati	2695	2695	431065	4310652
RS	43	10702	Itatiba do Sul	3249	3249	431070	4310702
RS	43	10751	Ivorá	1964	1964	431075	4310751
RS	43	10801	Ivoti	23533	23533	431080	4310801
RS	43	10850	Jaboticaba	3850	3850	431085	4310850
RS	43	10876	Jacuizinho	2070	2070	431087	4310876
RS	43	10900	Jacutinga	3401	3401	431090	4310900
RS	43	11007	Jaguarão	27406	27406	431100	4311007
RS	43	11106	Jaguari	10779	10779	431110	4311106
RS	43	11122	Jaquirana	3755	3755	431112	4311122
RS	43	11130	Jari	3414	3414	431113	4311130
RS	43	11155	Jóia	7305	7305	431115	4311155
RS	43	11205	Júlio de Castilhos	18557	18557	431120	4311205
RS	43	11239	Lagoa Bonita do Sul	2287	2287	431123	4311239
RS	43	11254	Lagoão	5429	5429	431125	4311254
RS	43	11270	Lagoa dos Três Cantos	1779	1779	431127	4311270
RS	43	11304	Lagoa Vermelha	28617	28617	431130	4311304
RS	43	11403	Lajeado	96651	96651	431140	4311403
RS	43	11429	Lajeado do Bugre	2660	2660	431142	4311429
RS	43	11502	Lavras do Sul	7294	7294	431150	4311502
RS	43	11601	Liberato Salzano	4854	4854	431160	4311601
RS	43	11627	Lindolfo Collor	6409	6409	431162	4311627
RS	43	11643	Linha Nova	1720	1720	431164	4311643
RS	43	11700	Machadinho	5864	5864	431170	4311700
RS	43	11718	Maçambará	4487	4487	431171	4311718
RS	43	11734	Mampituba	3201	3201	431173	4311734
RS	43	11759	Manoel Viana	6917	6917	431175	4311759
RS	43	11775	Maquiné	7588	7588	431177	4311775
RS	43	11791	Maratá	2521	2521	431179	4311791
RS	43	11809	Marau	46656	46656	431180	4311809
RS	43	11908	Marcelino Ramos	4389	4389	431190	4311908
RS	43	11981	Mariana Pimentel	4003	4003	431198	4311981
RS	43	12005	Mariano Moro	1888	1888	431200	4312005
RS	43	12054	Marques de Souza	4050	4050	431205	4312054
RS	43	12104	Mata	4786	4786	431210	4312104
RS	43	12138	Mato Castelhano	2610	2610	431213	4312138
RS	43	12153	Mato Leitão	4990	4990	431215	4312153
RS	43	12179	Mato Queimado	1833	1833	431217	4312179
RS	43	12203	Maximiliano de Almeida	4258	4258	431220	4312203
RS	43	12252	Minas do Leão	7661	7661	431225	4312252
RS	43	12302	Miraguaí	4506	4506	431230	4312302
RS	43	12351	Montauri	1530	1530	431235	4312351
RS	43	12377	Monte Alegre dos Campos	3250	3250	431237	4312377
RS	43	12385	Monte Belo do Sul	2609	2609	431238	4312385
RS	43	12401	Montenegro	66295	66295	431240	4312401
RS	43	12427	Mormaço	2815	2815	431242	4312427
RS	43	12443	Morrinhos do Sul	3134	3134	431244	4312443
RS	43	12450	Morro Redondo	6169	6169	431245	4312450
RS	43	12476	Morro Reuter	6163	6163	431247	4312476
RS	43	12500	Mostardas	12346	12346	431250	4312500
RS	43	12609	Muçum	4694	4694	431260	4312609
RS	43	12617	Muitos Capões	2938	2938	431261	4312617
RS	43	12625	Muliterno	1755	1755	431262	4312625
RS	43	12658	Não-Me-Toque	18314	18314	431265	4312658
RS	43	12674	Nicolau Vergueiro	1979	1979	431267	4312674
RS	43	12708	Nonoai	14056	14056	431270	4312708
RS	43	12757	Nova Alvorada	3229	3229	431275	4312757
RS	43	12807	Nova Araçá	5086	5086	431280	4312807
RS	43	12906	Nova Bassano	9877	9877	431290	4312906
RS	43	12955	Nova Boa Vista	2088	2088	431295	4312955
RS	43	13003	Nova Bréscia	3105	3105	431300	4313003
RS	43	13011	Nova Candelária	3134	3134	431301	4313011
RS	43	13037	Nova Esperança do Sul	4974	4974	431303	4313037
RS	43	13060	Nova Hartz	20539	20539	431306	4313060
RS	43	13086	Nova Pádua	2390	2390	431308	4313086
RS	43	13102	Nova Palma	5683	5683	431310	4313102
RS	43	13201	Nova Petrópolis	23889	23889	431320	4313201
RS	43	13300	Nova Prata	26587	26587	431330	4313300
RS	43	13334	Nova Ramada	2201	2201	431333	4313334
RS	43	13359	Nova Roma do Sul	3543	3543	431335	4313359
RS	43	13375	Nova Santa Rita	30121	30121	431337	4313375
RS	43	13391	Novo Cabrais	3636	3636	431339	4313391
RS	43	13409	Novo Hamburgo	235879	235879	431340	4313409
RS	43	13425	Novo Machado	3246	3246	431342	4313425
RS	43	13441	Novo Tiradentes	2188	2188	431344	4313441
RS	43	13466	Novo Xingu	1678	1678	431346	4313466
RS	43	13490	Novo Barreiro	4371	4371	431349	4313490
RS	43	13508	Osório	48929	48929	431350	4313508
RS	43	13607	Paim Filho	3691	3691	431360	4313607
RS	43	13656	Palmares do Sul	13170	13170	431365	4313656
RS	43	13706	Palmeira das Missões	34233	34233	431370	4313706
RS	43	13805	Palmitinho	8032	8032	431380	4313805
RS	43	13904	Panambi	45042	45042	431390	4313904
RS	43	13953	Pantano Grande	10438	10438	431395	4313953
RS	43	14001	Paraí	7357	7357	431400	4314001
RS	43	14027	Paraíso do Sul	6635	6635	431402	4314027
RS	43	14035	Pareci Novo	4433	4433	431403	4314035
RS	43	14050	Parobé	53555	53555	431405	4314050
RS	43	14068	Passa Sete	4036	4036	431406	4314068
RS	43	14076	Passo do Sobrado	6154	6154	431407	4314076
RS	43	14100	Passo Fundo	214564	214564	431410	4314100
RS	43	14134	Paulo Bento	2188	2188	431413	4314134
RS	43	14159	Paverama	8146	8146	431415	4314159
RS	43	14175	Pedras Altas	2100	2100	431417	4314175
RS	43	14209	Pedro Osório	7634	7634	431420	4314209
RS	43	14308	Pejuçara	3819	3819	431430	4314308
RS	43	14407	Pelotas	336131	336131	431440	4314407
RS	43	14423	Picada Café	5470	5470	431442	4314423
RS	43	14456	Pinhal	3034	3034	431445	4314456
RS	43	14464	Pinhal da Serra	2299	2299	431446	4314464
RS	43	14472	Pinhal Grande	3867	3867	431447	4314472
RS	43	14498	Pinheirinho do Vale	4637	4637	431449	4314498
RS	43	14506	Pinheiro Machado	11409	11409	431450	4314506
RS	43	14548	Pinto Bandeira	2784	2784	431454	4314548
RS	43	14555	Pirapó	2260	2260	431455	4314555
RS	43	14605	Piratini	17792	17792	431460	4314605
RS	43	14704	Planalto	10624	10624	431470	4314704
RS	43	14753	Poço das Antas	2222	2222	431475	4314753
RS	43	14779	Pontão	3350	3350	431477	4314779
RS	43	14787	Ponte Preta	1604	1604	431478	4314787
RS	43	14803	Portão	35237	35237	431480	4314803
RS	43	14902	Porto Alegre	1389322	1389322	431490	4314902
RS	43	15008	Porto Lucena	4424	4424	431500	4315008
RS	43	15057	Porto Mauá	2176	2176	431505	4315057
RS	43	15073	Porto Vera Cruz	1585	1585	431507	4315073
RS	43	15107	Porto Xavier	10132	10132	431510	4315107
RS	43	15131	Pouso Novo	1773	1773	431513	4315131
RS	43	15149	Presidente Lucena	3159	3159	431514	4315149
RS	43	15156	Progresso	5430	5430	431515	4315156
RS	43	15172	Protásio Alves	2069	2069	431517	4315172
RS	43	15206	Putinga	3814	3814	431520	4315206
RS	43	15305	Quaraí	23988	23988	431530	4315305
RS	43	15313	Quatro Irmãos	1579	1579	431531	4315313
RS	43	15321	Quevedos	2555	2555	431532	4315321
RS	43	15354	Quinze de Novembro	4000	4000	431535	4315354
RS	43	15404	Redentora	9934	9934	431540	4315404
RS	43	15453	Relvado	1828	1828	431545	4315453
RS	43	15503	Restinga Sêca	15213	15213	431550	4315503
RS	43	15552	Rio dos Índios	2874	2874	431555	4315552
RS	43	15602	Rio Grande	198958	198958	431560	4315602
RS	43	15701	Rio Pardo	35666	35666	431570	4315701
RS	43	15750	Riozinho	4572	4572	431575	4315750
RS	43	15800	Roca Sales	10644	10644	431580	4315800
RS	43	15909	Rodeio Bonito	6821	6821	431590	4315909
RS	43	15958	Rolador	2332	2332	431595	4315958
RS	43	16006	Rolante	21733	21733	431600	4316006
RS	43	16105	Ronda Alta	9972	9972	431610	4316105
RS	43	16204	Rondinha	5083	5083	431620	4316204
RS	43	16303	Roque Gonzales	6698	6698	431630	4316303
RS	43	16402	Rosário do Sul	37700	37700	431640	4316402
RS	43	16428	Sagrada Família	2529	2529	431642	4316428
RS	43	16436	Saldanha Marinho	2621	2621	431643	4316436
RS	43	16451	Salto do Jacuí	10373	10373	431645	4316451
RS	43	16477	Salvador das Missões	2953	2953	431647	4316477
RS	43	16501	Salvador do Sul	7182	7182	431650	4316501
RS	43	16600	Sananduva	16759	16759	431660	4316600
RS	43	16709	Santa Bárbara do Sul	8275	8275	431670	4316709
RS	43	16733	Santa Cecília do Sul	1710	1710	431673	4316733
RS	43	16758	Santa Clara do Sul	7067	7067	431675	4316758
RS	43	16808	Santa Cruz do Sul	138104	138104	431680	4316808
RS	43	16907	Santa Maria	282244	282244	431690	4316907
RS	43	16956	Santa Maria do Herval	6482	6482	431695	4316956
RS	43	16972	Santa Margarida do Sul	2658	2658	431697	4316972
RS	43	17004	Santana da Boa Vista	7140	7140	431700	4317004
RS	43	17103	Sant'Ana do Livramento	87296	87296	431710	4317103
RS	43	17202	Santa Rosa	79395	79395	431720	4317202
RS	43	17251	Santa Tereza	1531	1531	431725	4317251
RS	43	17301	Santa Vitória do Palmar	31961	31961	431730	4317301
RS	43	17400	Santiago	50331	50331	431740	4317400
RS	43	17509	Santo Ângelo	79130	79130	431750	4317509
RS	43	17558	Santo Antônio do Palma	2134	2134	431755	4317558
RS	43	17608	Santo Antônio da Patrulha	44393	44393	431760	4317608
RS	43	17707	Santo Antônio das Missões	10493	10493	431770	4317707
RS	43	17756	Santo Antônio do Planalto	2136	2136	431775	4317756
RS	43	17806	Santo Augusto	14196	14196	431780	4317806
RS	43	17905	Santo Cristo	15656	15656	431790	4317905
RS	43	17954	Santo Expedito do Sul	2395	2395	431795	4317954
RS	43	18002	São Borja	61323	61323	431800	4318002
RS	43	18051	São Domingos do Sul	2808	2808	431805	4318051
RS	43	18101	São Francisco de Assis	17949	17949	431810	4318101
RS	43	18200	São Francisco de Paula	22373	22373	431820	4318200
RS	43	18309	São Gabriel	60102	60102	431830	4318309
RS	43	18408	São Jerônimo	21421	21421	431840	4318408
RS	43	18424	São João da Urtiga	4549	4549	431842	4318424
RS	43	18432	São João do Polêsine	2707	2707	431843	4318432
RS	43	18440	São Jorge	2976	2976	431844	4318440
RS	43	18457	São José das Missões	2403	2403	431845	4318457
RS	43	18465	São José do Herval	1934	1934	431846	4318465
RS	43	18481	São José do Hortêncio	4551	4551	431848	4318481
RS	43	18499	São José do Inhacorá	2463	2463	431849	4318499
RS	43	18507	São José do Norte	26245	26245	431850	4318507
RS	43	18606	São José do Ouro	6978	6978	431860	4318606
RS	43	18614	São José do Sul	2440	2440	431861	4318614
RS	43	18622	São José dos Ausentes	4286	4286	431862	4318622
RS	43	18705	São Leopoldo	225669	225669	431870	4318705
RS	43	18804	São Lourenço do Sul	43283	43283	431880	4318804
RS	43	18903	São Luiz Gonzaga	35858	35858	431890	4318903
RS	43	19000	São Marcos	21537	21537	431900	4319000
RS	43	19109	São Martinho	5589	5589	431910	4319109
RS	43	19125	São Martinho da Serra	2911	2911	431912	4319125
RS	43	19158	São Miguel das Missões	7196	7196	431915	4319158
RS	43	19208	São Nicolau	5248	5248	431920	4319208
RS	43	19307	São Paulo das Missões	5948	5948	431930	4319307
RS	43	19356	São Pedro da Serra	3614	3614	431935	4319356
RS	43	19364	São Pedro das Missões	1791	1791	431936	4319364
RS	43	19372	São Pedro do Butiá	3139	3139	431937	4319372
RS	43	19406	São Pedro do Sul	15870	15870	431940	4319406
RS	43	19505	São Sebastião do Caí	24883	24883	431950	4319505
RS	43	19604	São Sepé	21575	21575	431960	4319604
RS	43	19703	São Valentim	3324	3324	431970	4319703
RS	43	19711	São Valentim do Sul	2255	2255	431971	4319711
RS	43	19737	São Valério do Sul	2594	2594	431973	4319737
RS	43	19752	São Vendelino	2306	2306	431975	4319752
RS	43	19802	São Vicente do Sul	8259	8259	431980	4319802
RS	43	19901	Sapiranga	77898	77898	431990	4319901
RS	43	20008	Sapucaia do Sul	136542	136542	432000	4320008
RS	43	20107	Sarandi	23356	23356	432010	4320107
RS	43	20206	Seberi	12313	12313	432020	4320206
RS	43	20230	Sede Nova	2753	2753	432023	4320230
RS	43	20263	Segredo	6107	6107	432026	4320263
RS	43	20305	Selbach	5220	5220	432030	4320305
RS	43	20321	Senador Salgado Filho	2726	2726	432032	4320321
RS	43	20354	Sentinela do Sul	5422	5422	432035	4320354
RS	43	20404	Serafina Corrêa	17379	17379	432040	4320404
RS	43	20453	Sério	2093	2093	432045	4320453
RS	43	20503	Sertão	5637	5637	432050	4320503
RS	43	20552	Sertão Santana	5988	5988	432055	4320552
RS	43	20578	Sete de Setembro	1884	1884	432057	4320578
RS	43	20602	Severiano de Almeida	3467	3467	432060	4320602
RS	43	20651	Silveira Martins	2060	2060	432065	4320651
RS	43	20677	Sinimbu	8698	8698	432067	4320677
RS	43	20701	Sobradinho	14512	14512	432070	4320701
RS	43	20800	Soledade	30936	30936	432080	4320800
RS	43	20859	Tabaí	4565	4565	432085	4320859
RS	43	20909	Tapejara	25201	25201	432090	4320909
RS	43	21006	Tapera	10822	10822	432100	4321006
RS	43	21105	Tapes	14938	14938	432110	4321105
RS	43	21204	Taquara	54360	54360	432120	4321204
RS	43	21303	Taquari	25968	25968	432130	4321303
RS	43	21329	Taquaruçu do Sul	3190	3190	432132	4321329
RS	43	21352	Tavares	5319	5319	432135	4321352
RS	43	21402	Tenente Portela	14811	14811	432140	4321402
RS	43	21436	Terra de Areia	10569	10569	432143	4321436
RS	43	21451	Teutônia	33963	33963	432145	4321451
RS	43	21469	Tio Hugo	3352	3352	432146	4321469
RS	43	21477	Tiradentes do Sul	5201	5201	432147	4321477
RS	43	21493	Toropi	2598	2598	432149	4321493
RS	43	21501	Torres	43268	43268	432150	4321501
RS	43	21600	Tramandaí	56296	56296	432160	4321600
RS	43	21626	Travesseiro	2193	2193	432162	4321626
RS	43	21634	Três Arroios	2638	2638	432163	4321634
RS	43	21667	Três Cachoeiras	11216	11216	432166	4321667
RS	43	21709	Três Coroas	24420	24420	432170	4321709
RS	43	21808	Três de Maio	25452	25452	432180	4321808
RS	43	21832	Três Forquilhas	2814	2814	432183	4321832
RS	43	21857	Três Palmeiras	4826	4826	432185	4321857
RS	43	21907	Três Passos	26284	26284	432190	4321907
RS	43	21956	Trindade do Sul	7766	7766	432195	4321956
RS	43	22004	Triunfo	28414	28414	432200	4322004
RS	43	22103	Tucunduva	5649	5649	432210	4322103
RS	43	22152	Tunas	3739	3739	432215	4322152
RS	43	22186	Tupanci do Sul	1398	1398	432218	4322186
RS	43	22202	Tupanciretã	20345	20345	432220	4322202
RS	43	22251	Tupandi	5160	5160	432225	4322251
RS	43	22301	Tuparendi	8536	8536	432230	4322301
RS	43	22327	Turuçu	3489	3489	432232	4322327
RS	43	22343	Ubiretama	2028	2028	432234	4322343
RS	43	22350	União da Serra	1186	1186	432235	4322350
RS	43	22376	Unistalda	2052	2052	432237	4322376
RS	43	22400	Uruguaiana	120885	120885	432240	4322400
RS	43	22509	Vacaria	66110	66110	432250	4322509
RS	43	22525	Vale Verde	3214	3214	432252	4322525
RS	43	22533	Vale do Sol	10080	10080	432253	4322533
RS	43	22541	Vale Real	6213	6213	432254	4322541
RS	43	22558	Vanini	2047	2047	432255	4322558
RS	43	22608	Venâncio Aires	70805	70805	432260	4322608
RS	43	22707	Vera Cruz	27638	27638	432270	4322707
RS	43	22806	Veranópolis	24540	24540	432280	4322806
RS	43	22855	Vespasiano Corrêa	1852	1852	432285	4322855
RS	43	22905	Viadutos	4852	4852	432290	4322905
RS	43	23002	Viamão	232113	232113	432300	4323002
RS	43	23101	Vicente Dutra	4747	4747	432310	4323101
RS	43	23200	Victor Graeff	2832	2832	432320	4323200
RS	43	23309	Vila Flores	3736	3736	432330	4323309
RS	43	23358	Vila Lângaro	2122	2122	432335	4323358
RS	43	23408	Vila Maria	4512	4512	432340	4323408
RS	43	23457	Vila Nova do Sul	3935	3935	432345	4323457
RS	43	23507	Vista Alegre	2712	2712	432350	4323507
RS	43	23606	Vista Alegre do Prata	1624	1624	432360	4323606
RS	43	23705	Vista Gaúcha	2842	2842	432370	4323705
RS	43	23754	Vitória das Missões	3318	3318	432375	4323754
RS	43	23770	Westfália	3219	3219	432377	4323770
RS	43	23804	Xangri-lá	16907	16907	432380	4323804
MS	50	00203	Água Clara	17647	17647	500020	5000203
MS	50	00252	Alcinópolis	4648	4648	500025	5000252
MS	50	00609	Amambai	41414	41414	500060	5000609
MS	50	00708	Anastácio	24741	24741	500070	5000708
MS	50	00807	Anaurilândia	7735	7735	500080	5000807
MS	50	00856	Angélica	11203	11203	500085	5000856
MS	50	00906	Antônio João	9641	9641	500090	5000906
MS	50	01003	Aparecida do Taboado	29446	29446	500100	5001003
MS	50	01102	Aquidauana	48561	48561	500110	5001102
MS	50	01243	Aral Moreira	11085	11085	500124	5001243
MS	50	01508	Bandeirantes	8276	8276	500150	5001508
MS	50	01904	Bataguassu	24004	24004	500190	5001904
MS	50	02001	Batayporã	10953	10953	500200	5002001
MS	50	02100	Bela Vista	21965	21965	500210	5002100
MS	50	02159	Bodoquena	8849	8849	500215	5002159
MS	50	02209	Bonito	24761	24761	500220	5002209
MS	50	02308	Brasilândia	11840	11840	500230	5002308
MS	50	02407	Caarapó	32406	32406	500240	5002407
MS	50	02605	Camapuã	13920	13920	500260	5002605
MS	50	02704	Campo Grande	954537	954537	500270	5002704
MS	50	02803	Caracol	5115	5115	500280	5002803
MS	50	02902	Cassilândia	21549	21549	500290	5002902
MS	50	02951	Chapadão do Sul	33791	33791	500295	5002951
MS	50	03108	Corguinho	4893	4893	500310	5003108
MS	50	03157	Coronel Sapucaia	14661	14661	500315	5003157
MS	50	03207	Corumbá	99107	99107	500320	5003207
MS	50	03256	Costa Rica	28163	28163	500325	5003256
MS	50	03306	Coxim	33390	33390	500330	5003306
MS	50	03454	Deodápolis	14210	14210	500345	5003454
MS	50	03488	Dois Irmãos do Buriti	11470	11470	500348	5003488
MS	50	03504	Douradina	5749	5749	500350	5003504
MS	50	03702	Dourados	260640	260640	500370	5003702
MS	50	03751	Eldorado	11633	11633	500375	5003751
MS	50	03801	Fátima do Sul	21388	21388	500380	5003801
MS	50	03900	Figueirão	3709	3709	500390	5003900
MS	50	04007	Glória de Dourados	10777	10777	500400	5004007
MS	50	04106	Guia Lopes da Laguna	10135	10135	500410	5004106
MS	50	04304	Iguatemi	14017	14017	500430	5004304
MS	50	04403	Inocência	8712	8712	500440	5004403
MS	50	04502	Itaporã	25075	25075	500450	5004502
MS	50	04601	Itaquiraí	19996	19996	500460	5004601
MS	50	04700	Ivinhema	29613	29613	500470	5004700
MS	50	04809	Japorã	8409	8409	500480	5004809
MS	50	04908	Jaraguari	7425	7425	500490	5004908
MS	50	05004	Jardim	24509	24509	500500	5005004
MS	50	05103	Jateí	3620	3620	500510	5005103
MS	50	05152	Juti	7009	7009	500515	5005152
MS	50	05202	Ladário	22290	22290	500520	5005202
MS	50	05251	Laguna Carapã	7012	7012	500525	5005251
MS	50	05400	Maracaju	47558	47558	500540	5005400
MS	50	05608	Miranda	26487	26487	500560	5005608
MS	50	05681	Mundo Novo	19937	19937	500568	5005681
MS	50	05707	Naviraí	52707	52707	500570	5005707
MS	50	05806	Nioaque	13412	13412	500580	5005806
MS	50	06002	Nova Alvorada do Sul	23054	23054	500600	5006002
MS	50	06200	Nova Andradina	50610	50610	500620	5006200
MS	50	06259	Novo Horizonte do Sul	4811	4811	500625	5006259
MS	50	06275	Paraíso das Águas	5777	5777	500627	5006275
MS	50	06309	Paranaíba	42543	42543	500630	5006309
MS	50	06358	Paranhos	13323	13323	500635	5006358
MS	50	06408	Pedro Gomes	6974	6974	500640	5006408
MS	50	06606	Ponta Porã	97577	97577	500660	5006606
MS	50	06903	Porto Murtinho	12864	12864	500690	5006903
MS	50	07109	Ribas do Rio Pardo	23996	23996	500710	5007109
MS	50	07208	Rio Brilhante	39936	39936	500720	5007208
MS	50	07307	Rio Negro	4933	4933	500730	5007307
MS	50	07406	Rio Verde de Mato Grosso	20393	20393	500740	5007406
MS	50	07505	Rochedo	5407	5407	500750	5007505
MS	50	07554	Santa Rita do Pardo	7174	7174	500755	5007554
MS	50	07695	São Gabriel do Oeste	31694	31694	500769	5007695
MS	50	07703	Sete Quedas	11301	11301	500770	5007703
MS	50	07802	Selvíria	8593	8593	500780	5007802
MS	50	07901	Sidrolândia	49374	49374	500790	5007901
MS	50	07935	Sonora	14822	14822	500793	5007935
MS	50	07950	Tacuru	11159	11159	500795	5007950
MS	50	07976	Taquarussu	3730	3730	500797	5007976
MS	50	08008	Terenos	18139	18139	500800	5008008
MS	50	08305	Três Lagoas	141435	141435	500830	5008305
MS	50	08404	Vicentina	6476	6476	500840	5008404
MT	51	00102	Acorizal	4990	4990	510010	5100102
MT	51	00201	Água Boa	31314	31314	510020	5100201
MT	51	00250	Alta Floresta	61291	61291	510025	5100250
MT	51	00300	Alto Araguaia	17657	17657	510030	5100300
MT	51	00359	Alto Boa Vista	5875	5875	510035	5100359
MT	51	00409	Alto Garças	13707	13707	510040	5100409
MT	51	00508	Alto Paraguai	7717	7717	510050	5100508
MT	51	00607	Alto Taquari	11571	11571	510060	5100607
MT	51	00805	Apiacás	8692	8692	510080	5100805
MT	51	01001	Araguaiana	3950	3950	510100	5101001
MT	51	01209	Araguainha	1006	1006	510120	5101209
MT	51	01258	Araputanga	14854	14854	510125	5101258
MT	51	01308	Arenápolis	10747	10747	510130	5101308
MT	51	01407	Aripuanã	26010	26010	510140	5101407
MT	51	01605	Barão de Melgaço	7204	7204	510160	5101605
MT	51	01704	Barra do Bugres	29576	29576	510170	5101704
MT	51	01803	Barra do Garças	72694	72694	510180	5101803
MT	51	01852	Bom Jesus do Araguaia	7731	7731	510185	5101852
MT	51	01902	Brasnorte	17496	17496	510190	5101902
MT	51	02504	Cáceres	91626	91626	510250	5102504
MT	51	02603	Campinápolis	15713	15713	510260	5102603
MT	51	02637	Campo Novo do Parecis	50033	50033	510263	5102637
MT	51	02678	Campo Verde	47831	47831	510267	5102678
MT	51	02686	Campos de Júlio	9608	9608	510268	5102686
MT	51	02694	Canabrava do Norte	4480	4480	510269	5102694
MT	51	02702	Canarana	27657	27657	510270	5102702
MT	51	02793	Carlinda	10324	10324	510279	5102793
MT	51	02850	Castanheira	7459	7459	510285	5102850
MT	51	03007	Chapada dos Guimarães	19374	19374	510300	5103007
MT	51	03056	Cláudia	9436	9436	510305	5103056
MT	51	03106	Cocalinho	6428	6428	510310	5103106
MT	51	03205	Colíder	32010	32010	510320	5103205
MT	51	03254	Colniza	26090	26090	510325	5103254
MT	51	03304	Comodoro	18461	18461	510330	5103304
MT	51	03353	Confresa	37541	37541	510335	5103353
MT	51	03361	Conquista D'Oeste	3874	3874	510336	5103361
MT	51	03379	Cotriguaçu	10398	10398	510337	5103379
MT	51	03403	Cuiabá	682932	682932	510340	5103403
MT	51	03437	Curvelândia	4967	4967	510343	5103437
MT	51	03452	Denise	6815	6815	510345	5103452
MT	51	03502	Diamantino	22479	22479	510350	5103502
MT	51	03601	Dom Aquino	7915	7915	510360	5103601
MT	51	03700	Feliz Natal	10564	10564	510370	5103700
MT	51	03809	Figueirópolis D'Oeste	3112	3112	510380	5103809
MT	51	03858	Gaúcha do Norte	9181	9181	510385	5103858
MT	51	03908	General Carneiro	6250	6250	510390	5103908
MT	51	03957	Glória D'Oeste	2899	2899	510395	5103957
MT	51	04104	Guarantã do Norte	31328	31328	510410	5104104
MT	51	04203	Guiratinga	10532	10532	510420	5104203
MT	51	04500	Indiavaí	2194	2194	510450	5104500
MT	51	04526	Ipiranga do Norte	8409	8409	510452	5104526
MT	51	04542	Itanhangá	8049	8049	510454	5104542
MT	51	04559	Itaúba	5161	5161	510455	5104559
MT	51	04609	Itiquira	12519	12519	510460	5104609
MT	51	04807	Jaciara	29560	29560	510480	5104807
MT	51	04906	Jangada	7447	7447	510490	5104906
MT	51	05002	Jauru	8076	8076	510500	5105002
MT	51	05101	Juara	35899	35899	510510	5105101
MT	51	05150	Juína	47800	47800	510515	5105150
MT	51	05176	Juruena	10149	10149	510517	5105176
MT	51	05200	Juscimeira	11620	11620	510520	5105200
MT	51	05234	Lambari D'Oeste	4724	4724	510523	5105234
MT	51	05259	Lucas do Rio Verde	92256	92256	510525	5105259
MT	51	05309	Luciara	2591	2591	510530	5105309
MT	51	05507	Vila Bela da Santíssima Trindade	17384	17384	510550	5105507
MT	51	05580	Marcelândia	11414	11414	510558	5105580
MT	51	05606	Matupá	21415	21415	510560	5105606
MT	51	05622	Mirassol d'Oeste	27511	27511	510562	5105622
MT	51	05903	Nobres	15753	15753	510590	5105903
MT	51	06000	Nortelândia	5935	5935	510600	5106000
MT	51	06109	Nossa Senhora do Livramento	11658	11658	510610	5106109
MT	51	06158	Nova Bandeirantes	14160	14160	510615	5106158
MT	51	06174	Nova Nazaré	4467	4467	510617	5106174
MT	51	06182	Nova Lacerda	6965	6965	510618	5106182
MT	51	06190	Nova Santa Helena	4431	4431	510619	5106190
MT	51	06208	Nova Brasilândia	3853	3853	510620	5106208
MT	51	06216	Nova Canaã do Norte	11771	11771	510621	5106216
MT	51	06224	Nova Mutum	61223	61223	510622	5106224
MT	51	06232	Nova Olímpia	16314	16314	510623	5106232
MT	51	06240	Nova Ubiratã	12108	12108	510624	5106240
MT	51	06257	Nova Xavantina	25486	25486	510625	5106257
MT	51	06265	Novo Mundo	6444	6444	510626	5106265
MT	51	06273	Novo Horizonte do Norte	3307	3307	510627	5106273
MT	51	06281	Novo São Joaquim	7160	7160	510628	5106281
MT	51	06299	Paranaíta	11989	11989	510629	5106299
MT	51	06307	Paranatinga	28228	28228	510630	5106307
MT	51	06315	Novo Santo Antônio	2040	2040	510631	5106315
MT	51	06372	Pedra Preta	18722	18722	510637	5106372
MT	51	06422	Peixoto de Azevedo	33599	33599	510642	5106422
MT	51	06455	Planalto da Serra	3287	3287	510645	5106455
MT	51	06505	Poconé	31269	31269	510650	5106505
MT	51	06653	Pontal do Araguaia	7299	7299	510665	5106653
MT	51	06703	Ponte Branca	2076	2076	510670	5106703
MT	51	06752	Pontes e Lacerda	54795	54795	510675	5106752
MT	51	06778	Porto Alegre do Norte	12524	12524	510677	5106778
MT	51	06802	Porto dos Gaúchos	5690	5690	510680	5106802
MT	51	06828	Porto Esperidião	10167	10167	510682	5106828
MT	51	06851	Porto Estrela	3181	3181	510685	5106851
MT	51	07008	Poxoréu	24587	24587	510700	5107008
MT	51	07040	Primavera do Leste	92927	92927	510704	5107040
MT	51	07065	Querência	29820	29820	510706	5107065
MT	51	07107	São José dos Quatro Marcos	17830	17830	510710	5107107
MT	51	07156	Reserva do Cabaçal	2062	2062	510715	5107156
MT	51	07180	Ribeirão Cascalheira	10431	10431	510718	5107180
MT	51	07198	Ribeirãozinho	2697	2697	510719	5107198
MT	51	07206	Rio Branco	4489	4489	510720	5107206
MT	51	07248	Santa Carmem	5677	5677	510724	5107248
MT	51	07263	Santo Afonso	2460	2460	510726	5107263
MT	51	07297	São José do Povo	2780	2780	510729	5107297
MT	51	07305	São José do Rio Claro	14662	14662	510730	5107305
MT	51	07354	São José do Xingu	6168	6168	510735	5107354
MT	51	07404	São Pedro da Cipa	4247	4247	510740	5107404
MT	51	07578	Rondolândia	3527	3527	510757	5107578
MT	51	07602	Rondonópolis	259167	259167	510760	5107602
MT	51	07701	Rosário Oeste	15236	15236	510770	5107701
MT	51	07743	Santa Cruz do Xingu	2834	2834	510774	5107743
MT	51	07750	Salto do Céu	3679	3679	510775	5107750
MT	51	07768	Santa Rita do Trivelato	3463	3463	510776	5107768
MT	51	07776	Santa Terezinha	7720	7720	510777	5107776
MT	51	07792	Santo Antônio do Leste	4212	4212	510779	5107792
MT	51	07800	Santo Antônio do Leverger	16795	16795	510780	5107800
MT	51	07859	São Félix do Araguaia	14332	14332	510785	5107859
MT	51	07875	Sapezal	31499	31499	510787	5107875
MT	51	07883	Serra Nova Dourada	1901	1901	510788	5107883
MT	51	07909	Sinop	216029	216029	510790	5107909
MT	51	07925	Sorriso	120985	120985	510792	5107925
MT	51	07941	Tabaporã	9908	9908	510794	5107941
MT	51	07958	Tangará da Serra	112547	112547	510795	5107958
MT	51	08006	Tapurah	15272	15272	510800	5108006
MT	51	08055	Terra Nova do Norte	10641	10641	510805	5108055
MT	51	08105	Tesouro	2977	2977	510810	5108105
MT	51	08204	Torixoréu	4230	4230	510820	5108204
MT	51	08303	União do Sul	3897	3897	510830	5108303
MT	51	08352	Vale de São Domingos	2907	2907	510835	5108352
MT	51	08402	Várzea Grande	314627	314627	510840	5108402
MT	51	08501	Vera	13389	13389	510850	5108501
MT	51	08600	Vila Rica	19827	19827	510860	5108600
MT	51	08808	Nova Guarita	4579	4579	510880	5108808
MT	51	08857	Nova Marilândia	3678	3678	510885	5108857
MT	51	08907	Nova Maringá	5775	5775	510890	5108907
MT	51	08956	Nova Monte Verde	8451	8451	510895	5108956
GO	52	00050	Abadia de Goiás	21165	21165	520005	5200050
GO	52	00100	Abadiânia	17638	17638	520010	5200100
GO	52	00134	Acreúna	21995	21995	520013	5200134
GO	52	00159	Adelândia	2297	2297	520015	5200159
GO	52	00175	Água Fria de Goiás	4991	4991	520017	5200175
GO	52	00209	Água Limpa	1856	1856	520020	5200209
GO	52	00258	Águas Lindas de Goiás	240613	240613	520025	5200258
GO	52	00308	Alexânia	28009	28009	520030	5200308
GO	52	00506	Aloândia	1984	1984	520050	5200506
GO	52	00555	Alto Horizonte	6375	6375	520055	5200555
GO	52	00605	Alto Paraíso de Goiás	10936	10936	520060	5200605
GO	52	00803	Alvorada do Norte	8597	8597	520080	5200803
GO	52	00829	Amaralina	3281	3281	520082	5200829
GO	52	00852	Americano do Brasil	5281	5281	520085	5200852
GO	52	00902	Amorinópolis	2952	2952	520090	5200902
GO	52	01108	Anápolis	415847	415847	520110	5201108
GO	52	01207	Anhanguera	921	921	520120	5201207
GO	52	01306	Anicuns	18443	18443	520130	5201306
GO	52	01405	Aparecida de Goiânia	550925	550925	520140	5201405
GO	52	01454	Aparecida do Rio Doce	3012	3012	520145	5201454
GO	52	01504	Aporé	4452	4452	520150	5201504
GO	52	01603	Araçu	3842	3842	520160	5201603
GO	52	01702	Aragarças	18604	18604	520170	5201702
GO	52	01801	Aragoiânia	12554	12554	520180	5201801
GO	52	02155	Araguapaz	7182	7182	520215	5202155
GO	52	02353	Arenópolis	2930	2930	520235	5202353
GO	52	02502	Aruanã	8515	8515	520250	5202502
GO	52	02601	Aurilândia	3266	3266	520260	5202601
GO	52	02809	Avelinópolis	2963	2963	520280	5202809
GO	52	03104	Baliza	3335	3335	520310	5203104
GO	52	03203	Barro Alto	10738	10738	520320	5203203
GO	52	03302	Bela Vista de Goiás	36583	36583	520330	5203302
GO	52	03401	Bom Jardim de Goiás	7824	7824	520340	5203401
GO	52	03500	Bom Jesus de Goiás	24701	24701	520350	5203500
GO	52	03559	Bonfinópolis	10828	10828	520355	5203559
GO	52	03575	Bonópolis	3306	3306	520357	5203575
GO	52	03609	Brazabrantes	4149	4149	520360	5203609
GO	52	03807	Britânia	5788	5788	520380	5203807
GO	52	03906	Buriti Alegre	10831	10831	520390	5203906
GO	52	03939	Buriti de Goiás	2789	2789	520393	5203939
GO	52	03962	Buritinópolis	3154	3154	520396	5203962
GO	52	04003	Cabeceiras	7678	7678	520400	5204003
GO	52	04102	Cachoeira Alta	11789	11789	520410	5204102
GO	52	04201	Cachoeira de Goiás	1419	1419	520420	5204201
GO	52	04250	Cachoeira Dourada	7801	7801	520425	5204250
GO	52	04300	Caçu	14006	14006	520430	5204300
GO	52	04409	Caiapônia	16655	16655	520440	5204409
GO	52	04508	Caldas Novas	104788	104788	520450	5204508
GO	52	04557	Caldazinha	4735	4735	520455	5204557
GO	52	04607	Campestre de Goiás	3854	3854	520460	5204607
GO	52	04656	Campinaçu	3758	3758	520465	5204656
GO	52	04706	Campinorte	12879	12879	520470	5204706
GO	52	04805	Campo Alegre de Goiás	7711	7711	520480	5204805
GO	52	04854	Campo Limpo de Goiás	8449	8449	520485	5204854
GO	52	04904	Campos Belos	18258	18258	520490	5204904
GO	52	04953	Campos Verdes	3899	3899	520495	5204953
GO	52	05000	Carmo do Rio Verde	9937	9937	520500	5205000
GO	52	05059	Castelândia	2921	2921	520505	5205059
GO	52	05109	Catalão	120789	120789	520510	5205109
GO	52	05208	Caturaí	5318	5318	520520	5205208
GO	52	05307	Cavalcante	9721	9721	520530	5205307
GO	52	05406	Ceres	22484	22484	520540	5205406
GO	52	05455	Cezarina	8265	8265	520545	5205455
GO	52	05471	Chapadão do Céu	13897	13897	520547	5205471
GO	52	05497	Cidade Ocidental	98963	98963	520549	5205497
GO	52	05513	Cocalzinho de Goiás	26638	26638	520551	5205513
GO	52	05521	Colinas do Sul	4153	4153	520552	5205521
GO	52	05703	Córrego do Ouro	2456	2456	520570	5205703
GO	52	05802	Corumbá de Goiás	10714	10714	520580	5205802
GO	52	05901	Corumbaíba	9416	9416	520590	5205901
GO	52	06206	Cristalina	65705	65705	520620	5206206
GO	52	06305	Cristianópolis	3630	3630	520630	5206305
GO	52	06404	Crixás	17445	17445	520640	5206404
GO	52	06503	Cromínia	3977	3977	520650	5206503
GO	52	06602	Cumari	2955	2955	520660	5206602
GO	52	06701	Damianópolis	3884	3884	520670	5206701
GO	52	06800	Damolândia	2755	2755	520680	5206800
GO	52	06909	Davinópolis	1901	1901	520690	5206909
GO	52	07105	Diorama	2023	2023	520710	5207105
GO	52	07253	Doverlândia	6895	6895	520725	5207253
GO	52	07352	Edealina	4087	4087	520735	5207352
GO	52	07402	Edéia	11953	11953	520740	5207402
GO	52	07501	Estrela do Norte	3224	3224	520750	5207501
GO	52	07535	Faina	7164	7164	520753	5207535
GO	52	07600	Fazenda Nova	5878	5878	520760	5207600
GO	52	07808	Firminópolis	10365	10365	520780	5207808
GO	52	07907	Flores de Goiás	14156	14156	520790	5207907
GO	52	08004	Formosa	120478	120478	520800	5208004
GO	52	08103	Formoso	4681	4681	520810	5208103
GO	52	08152	Gameleira de Goiás	3542	3542	520815	5208152
GO	52	08301	Divinópolis de Goiás	4440	4440	520830	5208301
GO	52	08400	Goianápolis	14555	14555	520840	5208400
GO	52	08509	Goiandira	4986	4986	520850	5208509
GO	52	08608	Goianésia	77014	77014	520860	5208608
GO	52	08707	Goiânia	1494599	1494599	520870	5208707
GO	52	08806	Goianira	78754	78754	520880	5208806
GO	52	08905	Goiás	24233	24233	520890	5208905
GO	52	09101	Goiatuba	36777	36777	520910	5209101
GO	52	09150	Gouvelândia	4356	4356	520915	5209150
GO	52	09200	Guapó	20588	20588	520920	5209200
GO	52	09291	Guaraíta	2185	2185	520929	5209291
GO	52	09408	Guarani de Goiás	4106	4106	520940	5209408
GO	52	09457	Guarinos	2165	2165	520945	5209457
GO	52	09606	Heitoraí	3360	3360	520960	5209606
GO	52	09705	Hidrolândia	29827	29827	520970	5209705
GO	52	09804	Hidrolina	3514	3514	520980	5209804
GO	52	09903	Iaciara	10430	10430	520990	5209903
GO	52	09937	Inaciolândia	6061	6061	520993	5209937
GO	52	09952	Indiara	17747	17747	520995	5209952
GO	52	10000	Inhumas	53629	53629	521000	5210000
GO	52	10109	Ipameri	26163	26163	521010	5210109
GO	52	10158	Ipiranga de Goiás	2964	2964	521015	5210158
GO	52	10208	Iporá	36983	36983	521020	5210208
GO	52	10307	Israelândia	2540	2540	521030	5210307
GO	52	10406	Itaberaí	46943	46943	521040	5210406
GO	52	10562	Itaguari	5088	5088	521056	5210562
GO	52	10604	Itaguaru	4880	4880	521060	5210604
GO	52	10802	Itajá	4328	4328	521080	5210802
GO	52	10901	Itapaci	21708	21708	521090	5210901
GO	52	11008	Itapirapuã	8125	8125	521100	5211008
GO	52	11206	Itapuranga	26574	26574	521120	5211206
GO	52	11305	Itarumã	6142	6142	521130	5211305
GO	52	11404	Itauçu	7701	7701	521140	5211404
GO	52	11503	Itumbiara	112289	112289	521150	5211503
GO	52	11602	Ivolândia	2729	2729	521160	5211602
GO	52	11701	Jandaia	6360	6360	521170	5211701
GO	52	11800	Jaraguá	46427	46427	521180	5211800
GO	52	11909	Jataí	110404	110404	521190	5211909
GO	52	12006	Jaupaci	2946	2946	521200	5212006
GO	52	12055	Jesúpolis	2124	2124	521205	5212055
GO	52	12105	Joviânia	7247	7247	521210	5212105
GO	52	12204	Jussara	19901	19901	521220	5212204
GO	52	12253	Lagoa Santa	1426	1426	521225	5212253
GO	52	12303	Leopoldo de Bulhões	9035	9035	521230	5212303
GO	52	12501	Luziânia	218872	218872	521250	5212501
GO	52	12600	Mairipotaba	2618	2618	521260	5212600
GO	52	12709	Mambaí	8405	8405	521270	5212709
GO	52	12808	Mara Rosa	10815	10815	521280	5212808
GO	52	12907	Marzagão	2893	2893	521290	5212907
GO	52	12956	Matrinchã	4033	4033	521295	5212956
GO	52	13004	Maurilândia	10239	10239	521300	5213004
GO	52	13053	Mimoso de Goiás	2633	2633	521305	5213053
GO	52	13087	Minaçu	26939	26939	521308	5213087
GO	52	13103	Mineiros	73781	73781	521310	5213103
GO	52	13400	Moiporá	1693	1693	521340	5213400
GO	52	13509	Monte Alegre de Goiás	6613	6613	521350	5213509
GO	52	13707	Montes Claros de Goiás	8972	8972	521370	5213707
GO	52	13756	Montividiu	12957	12957	521375	5213756
GO	52	13772	Montividiu do Norte	3770	3770	521377	5213772
GO	52	13806	Morrinhos	53640	53640	521380	5213806
GO	52	13855	Morro Agudo de Goiás	2499	2499	521385	5213855
GO	52	13905	Mossâmedes	4655	4655	521390	5213905
GO	52	14002	Mozarlândia	15109	15109	521400	5214002
GO	52	14051	Mundo Novo	6223	6223	521405	5214051
GO	52	14101	Mutunópolis	3562	3562	521410	5214101
GO	52	14408	Nazário	8330	8330	521440	5214408
GO	52	14507	Nerópolis	33706	33706	521450	5214507
GO	52	14606	Niquelândia	34466	34466	521460	5214606
GO	52	14705	Nova América	2375	2375	521470	5214705
GO	52	14804	Nova Aurora	2130	2130	521480	5214804
GO	52	14838	Nova Crixás	13095	13095	521483	5214838
GO	52	14861	Nova Glória	8375	8375	521486	5214861
GO	52	14879	Nova Iguaçu de Goiás	3072	3072	521487	5214879
GO	52	14903	Nova Roma	3053	3053	521490	5214903
GO	52	15009	Nova Veneza	9790	9790	521500	5215009
GO	52	15207	Novo Brasil	3568	3568	521520	5215207
GO	52	15231	Novo Gama	107092	107092	521523	5215231
GO	52	15256	Novo Planalto	3723	3723	521525	5215256
GO	52	15306	Orizona	16890	16890	521530	5215306
GO	52	15405	Ouro Verde de Goiás	4108	4108	521540	5215405
GO	52	15504	Ouvidor	7542	7542	521550	5215504
GO	52	15603	Padre Bernardo	36692	36692	521560	5215603
GO	52	15652	Palestina de Goiás	3132	3132	521565	5215652
GO	52	15702	Palmeiras de Goiás	33749	33749	521570	5215702
GO	52	15801	Palmelo	2273	2273	521580	5215801
GO	52	15900	Palminópolis	3939	3939	521590	5215900
GO	52	16007	Panamá	2449	2449	521600	5216007
GO	52	16304	Paranaiguara	7470	7470	521630	5216304
GO	52	16403	Paraúna	10749	10749	521640	5216403
GO	52	16452	Perolândia	3000	3000	521645	5216452
GO	52	16809	Petrolina de Goiás	9577	9577	521680	5216809
GO	52	16908	Pilar de Goiás	2288	2288	521690	5216908
GO	52	17104	Piracanjuba	25309	25309	521710	5217104
GO	52	17203	Piranhas	11913	11913	521720	5217203
GO	52	17302	Pirenópolis	27757	27757	521730	5217302
GO	52	17401	Pires do Rio	33494	33494	521740	5217401
GO	52	17609	Planaltina	110619	110619	521760	5217609
GO	52	17708	Pontalina	18685	18685	521770	5217708
GO	52	18003	Porangatu	45400	45400	521800	5218003
GO	52	18052	Porteirão	4225	4225	521805	5218052
GO	52	18102	Portelândia	3234	3234	521810	5218102
GO	52	18300	Posse	36060	36060	521830	5218300
GO	52	18391	Professor Jamil	3732	3732	521839	5218391
GO	52	18508	Quirinópolis	49986	49986	521850	5218508
GO	52	18607	Rialma	12551	12551	521860	5218607
GO	52	18706	Rianápolis	3938	3938	521870	5218706
GO	52	18789	Rio Quente	3994	3994	521878	5218789
GO	52	18805	Rio Verde	238025	238025	521880	5218805
GO	52	18904	Rubiataba	20132	20132	521890	5218904
GO	52	19001	Sanclerlândia	8063	8063	521900	5219001
GO	52	19100	Santa Bárbara de Goiás	6280	6280	521910	5219100
GO	52	19209	Santa Cruz de Goiás	3016	3016	521920	5219209
GO	52	19258	Santa Fé de Goiás	5036	5036	521925	5219258
GO	52	19308	Santa Helena de Goiás	39481	39481	521930	5219308
GO	52	19357	Santa Isabel	3556	3556	521935	5219357
GO	52	19407	Santa Rita do Araguaia	5842	5842	521940	5219407
GO	52	19456	Santa Rita do Novo Destino	2648	2648	521945	5219456
GO	52	19506	Santa Rosa de Goiás	2837	2837	521950	5219506
GO	52	19605	Santa Tereza de Goiás	3225	3225	521960	5219605
GO	52	19704	Santa Terezinha de Goiás	10818	10818	521970	5219704
GO	52	19712	Santo Antônio da Barra	4293	4293	521971	5219712
GO	52	19738	Santo Antônio de Goiás	7873	7873	521973	5219738
GO	52	19753	Santo Antônio do Descoberto	74614	74614	521975	5219753
GO	52	19803	São Domingos	9581	9581	521980	5219803
GO	52	19902	São Francisco de Goiás	6491	6491	521990	5219902
GO	52	20009	São João d'Aliança	14757	14757	522000	5220009
GO	52	20058	São João da Paraúna	1807	1807	522005	5220058
GO	52	20108	São Luís de Montes Belos	35031	35031	522010	5220108
GO	52	20157	São Luiz do Norte	4926	4926	522015	5220157
GO	52	20207	São Miguel do Araguaia	22079	22079	522020	5220207
GO	52	20264	São Miguel do Passa Quatro	4621	4621	522026	5220264
GO	52	20280	São Patrício	2190	2190	522028	5220280
GO	52	20405	São Simão	17194	17194	522040	5220405
GO	52	20454	Senador Canedo	169849	169849	522045	5220454
GO	52	20504	Serranópolis	8201	8201	522050	5220504
GO	52	20603	Silvânia	22939	22939	522060	5220603
GO	52	20686	Simolândia	5693	5693	522068	5220686
GO	52	20702	Sítio d'Abadia	2973	2973	522070	5220702
GO	52	21007	Taquaral de Goiás	4146	4146	522100	5221007
GO	52	21080	Teresina de Goiás	2685	2685	522108	5221080
GO	52	21197	Terezópolis de Goiás	8243	8243	522119	5221197
GO	52	21304	Três Ranchos	2970	2970	522130	5221304
GO	52	21403	Trindade	150858	150858	522140	5221403
GO	52	21452	Trombas	3106	3106	522145	5221452
GO	52	21502	Turvânia	4478	4478	522150	5221502
GO	52	21551	Turvelândia	5130	5130	522155	5221551
GO	52	21577	Uirapuru	2809	2809	522157	5221577
GO	52	21601	Uruaçu	44150	44150	522160	5221601
GO	52	21700	Uruana	13871	13871	522170	5221700
GO	52	21809	Urutaí	3667	3667	522180	5221809
GO	52	21858	Valparaíso de Goiás	213506	213506	522185	5221858
GO	52	21908	Varjão	3768	3768	522190	5221908
GO	52	22005	Vianópolis	15476	15476	522200	5222005
GO	52	22054	Vicentinópolis	9077	9077	522205	5222054
GO	52	22203	Vila Boa	4185	4185	522220	5222203
GO	52	22302	Vila Propício	5982	5982	522230	5222302
DF	53	00108	Brasília	2982818	2982818	530010	5300108
